,rideId,startTimeMs,endTimeMs,distance,price,duration,rideableName,__typename,startTime,endTime,duration_min,cost,startAddress,endAddress
0,1657607920895013216,1648245917841,1648246403539,1.04,"{'amount': 0, 'exponent': 2, '__typename': 'Money'}",485698,D00640,Ride,2022-03-25 17:05:17.841000-05:00,2022-03-25 17:13:23.539000-05:00,8.094966666666666,0.0,Sheffield Ave & Willow St,Sheffield Ave & Wrightwood Ave
1,1657603003023457812,1648244772839,1648245345424,1.31,"{'amount': 0, 'exponent': 2, '__typename': 'Money'}",572585,D00640,Ride,2022-03-25 16:46:12.839000-05:00,2022-03-25 16:55:45.424000-05:00,9.543083333333334,0.0,Lincoln Ave & Diversey Pkwy,Sheffield Ave & Willow St
2,1657602789076843588,1648244723728,1648244762819,0.0,"{'amount': 0, 'exponent': 2, '__typename': 'Money'}",39091,75623,Ride,2022-03-25 16:45:23.728000-05:00,2022-03-25 16:46:02.819000-05:00,0.6515166666666667,0.0,Lincoln Ave & Diversey Pkwy,Lincoln Ave & Diversey Pkwy
3,1657182492022471060,1648146864688,1648147132487,0.29,"{'amount': 0, 'exponent': 2, '__typename': 'Money'}",267799,P07635,Ride,2022-03-24 13:34:24.688000-05:00,2022-03-24 13:38:52.487000-05:00,4.463316666666667,0.0,Greenview Ave & Diversey Pkwy,Ashland Ave & Wrightwood Ave
4,1657158068040124268,1648141179125,1648141447596,0.47,"{'amount': 0, 'exponent': 2, '__typename': 'Money'}",268471,C00705,Ride,2022-03-24 11:59:39.125000-05:00,2022-03-24 12:04:07.596000-05:00,4.474516666666667,0.0,Sheffield Ave & Fullerton Ave,Wilton Ave & Diversey Pkwy - Charging
5,1657153173155312088,1648140037865,1648140299698,0.52,"{'amount': 0, 'exponent': 2, '__typename': 'Money'}",261833,P00689,Ride,2022-03-24 11:40:37.865000-05:00,2022-03-24 11:44:59.698000-05:00,4.363883333333334,0.0,Lincoln Ave & Diversey Pkwy,Sheffield Ave & Fullerton Ave
6,1654501295768768140,1647522600316,1647523111760,0.87,"{'amount': 0, 'exponent': 2, '__typename': 'Money'}",511444,T01825,Ride,2022-03-17 08:10:00.316000-05:00,2022-03-17 08:18:31.760000-05:00,8.524066666666666,0.0,Lincoln Ave & Diversey Pkwy,Broadway & Belmont Ave
7,1654259701502452918,1647466351593,1647466986883,1.53,"{'amount': 0, 'exponent': 2, '__typename': 'Money'}",635290,D00545,Ride,2022-03-16 16:32:31.593000-05:00,2022-03-16 16:43:06.883000-05:00,10.588166666666668,0.0,Sheffield Ave & Kingsbury St,Lincoln Ave & Diversey Pkwy
8,1654245243153183360,1647462983252,1647464135105,2.22,"{'amount': 0, 'exponent': 2, '__typename': 'Money'}",1151853,P00154,Ride,2022-03-16 15:36:23.252000-05:00,2022-03-16 15:55:35.105000-05:00,19.19755,0.0,Franklin St & Monroe St,Dayton St & North Ave
9,1654174487956260910,1647446510037,1647448599897,3.95,"{'amount': 0, 'exponent': 2, '__typename': 'Money'}",2089860,T01873,Ride,2022-03-16 11:01:50.037000-05:00,2022-03-16 11:36:39.897000-05:00,34.831,0.0,Lincoln Ave & Diversey Pkwy,Franklin St & Jackson Blvd
10,1653402643850086718,1647266800947,1647267498947,0.87,"{'amount': 0, 'exponent': 2, '__typename': 'Money'}",698000,75457,Ride,2022-03-14 09:06:40.947000-05:00,2022-03-14 09:18:18.947000-05:00,11.633333333333335,0.0,Broadway & Belmont Ave,Lincoln Ave & Diversey Pkwy
11,1652425097056585744,1647039197232,1647039461368,0.47,"{'amount': 0, 'exponent': 2, '__typename': 'Money'}",264136,78336,Ride,2022-03-11 16:53:17.232000-06:00,2022-03-11 16:57:41.368000-06:00,4.402266666666667,0.0,Wilton Ave & Diversey Pkwy,Sheffield Ave & Fullerton Ave
12,1649708585010770012,1646406711089,1646407405301,0.87,"{'amount': 0, 'exponent': 2, '__typename': 'Money'}",694212,75623,Ride,2022-03-04 09:11:51.089000-06:00,2022-03-04 09:23:25.301000-06:00,11.5702,0.0,Broadway & Belmont Ave,Lincoln Ave & Diversey Pkwy
13,1648590958765045690,1646146494343,1646147062260,0.87,"{'amount': 0, 'exponent': 2, '__typename': 'Money'}",567917,,Ride,2022-03-01 08:54:54.343000-06:00,2022-03-01 09:04:22.260000-06:00,9.465283333333334,0.0,Broadway & Belmont Ave,Lincoln Ave & Diversey Pkwy
14,1645361697026321442,1645394622134,1645395135627,0.76,"{'amount': 0, 'exponent': 2, '__typename': 'Money'}",513493,,Ride,2022-02-20 16:03:42.134000-06:00,2022-02-20 16:12:15.627000-06:00,8.558216666666667,0.0,Benson Ave & Church St,Sheridan Rd & Noyes St (NU)
15,1643812855166838570,1645034005315,1645034270127,0.87,"{'amount': 65, 'exponent': 2, '__typename': 'Money'}",264812,,Ride,2022-02-16 11:53:25.315000-06:00,2022-02-16 11:57:50.127000-06:00,4.4135333333333335,0.65,LaSalle St & Washington St,Rush St & Hubbard St
16,1621279761430295236,1639787609912,1639788183150,0.87,"{'amount': 0, 'exponent': 2, '__typename': 'Money'}",573238,X00489,Ride,2021-12-17 18:33:29.912000-06:00,2021-12-17 18:43:03.150000-06:00,9.553966666666668,0.0,Lincoln Ave & Diversey Pkwy,Broadway & Belmont Ave
17,1620763947796387168,1639667513310,1639668129044,0.87,"{'amount': 0, 'exponent': 2, '__typename': 'Money'}",615734,P08951,Ride,2021-12-16 09:11:53.310000-06:00,2021-12-16 09:22:09.044000-06:00,10.262233333333334,0.0,Broadway & Belmont Ave,Lincoln Ave & Diversey Pkwy
18,1618350312224179548,1639105544035,1639105914221,0.65,"{'amount': 0, 'exponent': 2, '__typename': 'Money'}",370186,D00768,Ride,2021-12-09 21:05:44.035000-06:00,2021-12-09 21:11:54.221000-06:00,6.169766666666667,0.0,Wilton Ave & Diversey Pkwy,Broadway & Belmont Ave
19,1617839684873564626,1638986655044,1638986831085,0.62,"{'amount': 33, 'exponent': 2, '__typename': 'Money'}",176041,209-3987,Ride,2021-12-08 12:04:15.044000-06:00,2021-12-08 12:07:11.085000-06:00,2.934016666666667,0.33,Lincoln Ave & Diversey Pkwy,Burling St & Diversey Pkwy
20,1616847064482785748,1638755542735,1638756130656,0.87,"{'amount': 0, 'exponent': 2, '__typename': 'Money'}",587921,P02415,Ride,2021-12-05 19:52:22.735000-06:00,2021-12-05 20:02:10.656000-06:00,9.798683333333333,0.0,Lincoln Ave & Diversey Pkwy,Broadway & Belmont Ave
21,1616107122322749500,1638583260913,1638583811907,1.37,"{'amount': 0, 'exponent': 2, '__typename': 'Money'}",550994,P02415,Ride,2021-12-03 20:01:00.913000-06:00,2021-12-03 20:10:11.907000-06:00,9.183233333333334,0.0,Lincoln Ave & Diversey Pkwy,Halsted St & Willow St
22,1611238003973495738,1637449581042,1637450373804,1.51,"{'amount': 0, 'exponent': 2, '__typename': 'Money'}",792762,P00397,Ride,2021-11-20 17:06:21.042000-06:00,2021-11-20 17:19:33.804000-06:00,13.2127,0.0,Wells St & Concord Ln,Sheffield Ave & Wrightwood Ave
23,1611221258007855732,1637445681808,1637446392903,1.86,"{'amount': 0, 'exponent': 2, '__typename': 'Money'}",711095,75608,Ride,2021-11-20 16:01:21.808000-06:00,2021-11-20 16:13:12.903000-06:00,11.851583333333334,0.0,Lincoln Ave & Diversey Pkwy,Wells St & Concord Ln
24,1609804425820072956,1637115799671,1637116106101,1.18,"{'amount': 82, 'exponent': 2, '__typename': 'Money'}",306430,324-584,Ride,2021-11-16 20:23:19.671000-06:00,2021-11-16 20:28:26.101000-06:00,5.107166666666667,0.82,Lincoln Ave & Diversey Pkwy,Broadway & Belmont Ave
25,1609616633169983184,1637072076598,1637072632166,0.64,"{'amount': 0, 'exponent': 2, '__typename': 'Money'}",555568,C00685,Ride,2021-11-16 08:14:36.598000-06:00,2021-11-16 08:23:52.166000-06:00,9.259466666666667,0.0,Clark St & Wellington Ave,Lincoln Ave & Diversey Pkwy
26,1609432841389393090,1637029283949,1637030029485,1.11,"{'amount': 0, 'exponent': 2, '__typename': 'Money'}",745536,E00104,Ride,2021-11-15 20:21:23.949000-06:00,2021-11-15 20:33:49.485000-06:00,12.425600000000001,0.0,Lincoln Ave & Diversey Pkwy,Broadway & Cornelia Ave
27,1609060821113914624,1636942666406,1636943228383,0.87,"{'amount': 0, 'exponent': 2, '__typename': 'Money'}",561977,P02523,Ride,2021-11-14 20:17:46.406000-06:00,2021-11-14 20:27:08.383000-06:00,9.366283333333334,0.0,Lincoln Ave & Diversey Pkwy,Broadway & Belmont Ave
28,1608135676638431258,1636727264706,1636727650893,0.65,"{'amount': 0, 'exponent': 2, '__typename': 'Money'}",386187,P00225,Ride,2021-11-12 08:27:44.706000-06:00,2021-11-12 08:34:10.893000-06:00,6.436450000000001,0.0,Broadway & Belmont Ave,Wilton Ave & Diversey Pkwy
29,1607922047893516672,1636677525588,1636678042293,0.87,"{'amount': 0, 'exponent': 2, '__typename': 'Money'}",516705,T01991,Ride,2021-11-11 18:38:45.588000-06:00,2021-11-11 18:47:22.293000-06:00,8.61175,0.0,Lincoln Ave & Diversey Pkwy,Broadway & Belmont Ave
30,1607021959978327126,1636467957481,1636468574641,0.87,"{'amount': 0, 'exponent': 2, '__typename': 'Money'}",617160,P00712,Ride,2021-11-09 08:25:57.481000-06:00,2021-11-09 08:36:14.641000-06:00,10.286000000000001,0.0,Broadway & Belmont Ave,Lincoln Ave & Diversey Pkwy
31,1606844820700301228,1636426713679,1636427040046,1.18,"{'amount': 82, 'exponent': 2, '__typename': 'Money'}",326367,856-696,Ride,2021-11-08 20:58:33.679000-06:00,2021-11-08 21:04:00.046000-06:00,5.43945,0.82,Lincoln Ave & Diversey Pkwy,Broadway & Belmont Ave
32,1606651181732598354,1636381628112,1636382204235,0.87,"{'amount': 0, 'exponent': 2, '__typename': 'Money'}",576123,P01277,Ride,2021-11-08 08:27:08.112000-06:00,2021-11-08 08:36:44.235000-06:00,9.60205,0.0,Broadway & Belmont Ave,Lincoln Ave & Diversey Pkwy
33,1606628364670488520,1636376316632,1636376933361,0.87,"{'amount': 0, 'exponent': 2, '__typename': 'Money'}",616729,O01134,Ride,2021-11-08 06:58:36.632000-06:00,2021-11-08 07:08:53.361000-06:00,10.278816666666668,0.0,Lincoln Ave & Diversey Pkwy,Broadway & Belmont Ave
34,1605673099931309690,1636153901523,1636154243155,0.57,"{'amount': 0, 'exponent': 2, '__typename': 'Money'}",341632,P02317,Ride,2021-11-05 18:11:41.523000-05:00,2021-11-05 18:17:23.155000-05:00,5.693866666666667,0.0,Wilton Ave & Diversey Pkwy,Broadway & Barry Ave
35,1604986298487183666,1635993992564,1635994304283,0.45,"{'amount': 0, 'exponent': 2, '__typename': 'Money'}",311719,A07265,Ride,2021-11-03 21:46:32.564000-05:00,2021-11-03 21:51:44.283000-05:00,5.195316666666667,0.0,Sheffield Ave & Wellington Ave,Lincoln Ave & Diversey Pkwy
36,1604910822098050578,1635976419313,1635977050595,1.31,"{'amount': 0, 'exponent': 2, '__typename': 'Money'}",631282,P02634,Ride,2021-11-03 16:53:39.313000-05:00,2021-11-03 17:04:10.595000-05:00,10.521366666666667,0.0,Lincoln Ave & Diversey Pkwy,Sheffield Ave & Willow St
37,1603431231631468702,1635631925175,1635633119142,2.02,"{'amount': 0, 'exponent': 2, '__typename': 'Money'}",1193967,C00592,Ride,2021-10-30 17:12:05.175000-05:00,2021-10-30 17:31:59.142000-05:00,19.89945,0.0,Greenview Ave & Diversey Pkwy,Ashland Ave & Division St
38,1601813732995357180,1635255322303,1635255901193,0.87,"{'amount': 0, 'exponent': 2, '__typename': 'Money'}",578890,78362,Ride,2021-10-26 08:35:22.303000-05:00,2021-10-26 08:45:01.193000-05:00,9.648166666666667,0.0,Broadway & Belmont Ave,Lincoln Ave & Diversey Pkwy
39,1601795186810542140,1635251004337,1635251591172,0.87,"{'amount': 0, 'exponent': 2, '__typename': 'Money'}",586835,78362,Ride,2021-10-26 07:23:24.337000-05:00,2021-10-26 07:33:11.172000-05:00,9.780583333333334,0.0,Lincoln Ave & Diversey Pkwy,Broadway & Belmont Ave
40,1601630730030457048,1635212713377,1635213477666,1.68,"{'amount': 0, 'exponent': 2, '__typename': 'Money'}",764289,70015,Ride,2021-10-25 20:45:13.377000-05:00,2021-10-25 20:57:57.666000-05:00,12.738150000000001,0.0,Clark St & Lincoln Ave,Lincoln Ave & Diversey Pkwy
41,1601614405543989226,1635208912783,1635209714740,1.68,"{'amount': 0, 'exponent': 2, '__typename': 'Money'}",801957,P08811,Ride,2021-10-25 19:41:52.783000-05:00,2021-10-25 19:55:14.740000-05:00,13.36595,0.0,Lincoln Ave & Diversey Pkwy,Clark St & Lincoln Ave
42,1599960003441148522,1634823717433,1634824273783,0.87,"{'amount': 0, 'exponent': 2, '__typename': 'Money'}",556350,X00683,Ride,2021-10-21 08:41:57.433000-05:00,2021-10-21 08:51:13.783000-05:00,9.2725,0.0,Broadway & Belmont Ave,Lincoln Ave & Diversey Pkwy
43,1599745771855949976,1634773837186,1634774338088,0.87,"{'amount': 0, 'exponent': 2, '__typename': 'Money'}",500902,75452,Ride,2021-10-20 18:50:37.186000-05:00,2021-10-20 18:58:58.088000-05:00,8.348366666666667,0.0,Lincoln Ave & Diversey Pkwy,Broadway & Belmont Ave
44,1598124823198668652,1634396431085,1634396760578,0.39,"{'amount': 0, 'exponent': 2, '__typename': 'Money'}",329493,X00069,Ride,2021-10-16 10:00:31.085000-05:00,2021-10-16 10:06:00.578000-05:00,5.49155,0.0,Clark St & Wellington Ave,Wilton Ave & Diversey Pkwy
45,1597921088990314776,1634348995725,1634349493000,0.87,"{'amount': 0, 'exponent': 2, '__typename': 'Money'}",497275,P07638,Ride,2021-10-15 20:49:55.725000-05:00,2021-10-15 20:58:13-05:00,8.287916666666668,0.0,Lincoln Ave & Diversey Pkwy,Broadway & Belmont Ave
46,1597354743627398882,1634217133122,1634217533976,0.62,"{'amount': 0, 'exponent': 2, '__typename': 'Money'}",400854,P01219,Ride,2021-10-14 08:12:13.122000-05:00,2021-10-14 08:18:53.976000-05:00,6.6809,0.0,Wilton Ave & Belmont Ave,Lincoln Ave & Diversey Pkwy
47,1597136806308187990,1634166390085,1634166941268,0.87,"{'amount': 0, 'exponent': 2, '__typename': 'Money'}",551183,D00792,Ride,2021-10-13 18:06:30.085000-05:00,2021-10-13 18:15:41.268000-05:00,9.186383333333334,0.0,Lincoln Ave & Diversey Pkwy,Broadway & Belmont Ave
48,1594538159411276914,1633561345310,1633561778963,0.7,"{'amount': 0, 'exponent': 2, '__typename': 'Money'}",433653,D02401,Ride,2021-10-06 18:02:25.310000-05:00,2021-10-06 18:09:38.963000-05:00,7.22755,0.0,Lincoln Ave & Belmont Ave,Lincoln Ave & Diversey Pkwy
49,1594534160413374960,1633560414236,1633560623895,0.35,"{'amount': 0, 'exponent': 2, '__typename': 'Money'}",209659,A07430,Ride,2021-10-06 17:46:54.236000-05:00,2021-10-06 17:50:23.895000-05:00,3.4943166666666667,0.0,Southport Ave & Wellington Ave,Lincoln Ave & Belmont Ave
50,1593821822885305974,1633394559837,1633395230885,1.31,"{'amount': 0, 'exponent': 2, '__typename': 'Money'}",671048,D00888,Ride,2021-10-04 19:42:39.837000-05:00,2021-10-04 19:53:50.885000-05:00,11.184133333333333,0.0,Sheffield Ave & Willow St,Lincoln Ave & Diversey Pkwy
51,1593813106624397586,1633392531572,1633393164904,1.31,"{'amount': 0, 'exponent': 2, '__typename': 'Money'}",633332,75735,Ride,2021-10-04 19:08:51.572000-05:00,2021-10-04 19:19:24.904000-05:00,10.555533333333333,0.0,Lincoln Ave & Diversey Pkwy,Sheffield Ave & Willow St
52,1592530567147290478,1633093916600,1633094686667,1.53,"{'amount': 0, 'exponent': 2, '__typename': 'Money'}",770067,C00631,Ride,2021-10-01 08:11:56.600000-05:00,2021-10-01 08:24:46.667000-05:00,12.83445,0.0,Lincoln Ave & Diversey Pkwy,Sheffield Ave & Kingsbury St
53,1591515835070167296,1632857655896,1632858130997,0.74,"{'amount': 0, 'exponent': 2, '__typename': 'Money'}",475101,C00862,Ride,2021-09-28 14:34:15.896000-05:00,2021-09-28 14:42:10.997000-05:00,7.91835,0.0,Clark St & Drummond Pl,Lincoln Ave & Diversey Pkwy
54,1591500935883594866,1632854187281,1632854514734,0.56,"{'amount': 0, 'exponent': 2, '__typename': 'Money'}",327453,P00587,Ride,2021-09-28 13:36:27.281000-05:00,2021-09-28 13:41:54.734000-05:00,5.45755,0.0,Lincoln Ave & Diversey Pkwy,Burling St & Diversey Pkwy
55,1591200002439056938,1632784120372,1632784420858,0.7,"{'amount': 0, 'exponent': 2, '__typename': 'Money'}",300486,X00113,Ride,2021-09-27 18:08:40.372000-05:00,2021-09-27 18:13:40.858000-05:00,5.008100000000001,0.0,Lincoln Ave & Diversey Pkwy,Lincoln Ave & Belmont Ave
56,1589335582891857628,1632350025926,1632350669593,1.2,"{'amount': 0, 'exponent': 2, '__typename': 'Money'}",643667,P02471,Ride,2021-09-22 17:33:45.926000-05:00,2021-09-22 17:44:29.593000-05:00,10.727783333333333,0.0,Lincoln Ave & Diversey Pkwy,Sheffield Ave & Waveland Ave
57,1589200429321224206,1632318558406,1632319178416,0.87,"{'amount': 0, 'exponent': 2, '__typename': 'Money'}",620010,X00903,Ride,2021-09-22 08:49:18.406000-05:00,2021-09-22 08:59:38.416000-05:00,10.3335,0.0,Broadway & Belmont Ave,Lincoln Ave & Diversey Pkwy
58,1587342282302624462,1631885925306,1631886396040,0.57,"{'amount': 0, 'exponent': 2, '__typename': 'Money'}",470734,P08951,Ride,2021-09-17 08:38:45.306000-05:00,2021-09-17 08:46:36.040000-05:00,7.8455666666666675,0.0,Broadway & Barry Ave,Wilton Ave & Diversey Pkwy
59,1587125654148654598,1631835487283,1631836067775,0.83,"{'amount': 0, 'exponent': 2, '__typename': 'Money'}",580492,T01593,Ride,2021-09-16 18:38:07.283000-05:00,2021-09-16 18:47:47.775000-05:00,9.674866666666667,0.0,Lincoln Ave & Diversey Pkwy,Broadway & Barry Ave
60,1583317146768795904,1630948750480,1630949022933,0.52,"{'amount': 0, 'exponent': 2, '__typename': 'Money'}",272453,D02325,Ride,2021-09-06 12:19:10.480000-05:00,2021-09-06 12:23:42.933000-05:00,4.540883333333333,0.0,Racine Ave & Belmont Ave,Lincoln Ave & Diversey Pkwy
61,1583279250881883012,1630939927565,1630940565855,1.04,"{'amount': 0, 'exponent': 2, '__typename': 'Money'}",638290,A10637,Ride,2021-09-06 09:52:07.565000-05:00,2021-09-06 10:02:45.855000-05:00,10.638166666666667,0.0,Broadway & Belmont Ave,Racine Ave & Wrightwood Ave
62,1582928322043444222,1630858220043,1630858867491,0.87,"{'amount': 0, 'exponent': 2, '__typename': 'Money'}",647448,T01835,Ride,2021-09-05 11:10:20.043000-05:00,2021-09-05 11:21:07.491000-05:00,10.7908,0.0,Lincoln Ave & Diversey Pkwy,Broadway & Belmont Ave
63,1582560034156625178,1630772471163,1630772719149,0.56,"{'amount': 0, 'exponent': 2, '__typename': 'Money'}",247986,A07278,Ride,2021-09-04 11:21:11.163000-05:00,2021-09-04 11:25:19.149000-05:00,4.1331,0.0,Lincoln Ave & Diversey Pkwy,Burling St & Diversey Pkwy
64,1579178200751127500,1629985076034,1629986187276,0.87,"{'amount': 0, 'exponent': 2, '__typename': 'Money'}",1111242,D00296,Ride,2021-08-26 08:37:56.034000-05:00,2021-08-26 08:56:27.276000-05:00,18.5207,0.0,Broadway & Belmont Ave,Lincoln Ave & Diversey Pkwy
65,1579157467389831444,1629980248934,1629980877151,0.87,"{'amount': 0, 'exponent': 2, '__typename': 'Money'}",628217,D00296,Ride,2021-08-26 07:17:28.934000-05:00,2021-08-26 07:27:57.151000-05:00,10.470283333333334,0.0,Lincoln Ave & Diversey Pkwy,Broadway & Belmont Ave
66,1577800245014551168,1629664245837,1629664820860,0.83,"{'amount': 0, 'exponent': 2, '__typename': 'Money'}",575023,77359,Ride,2021-08-22 15:30:45.837000-05:00,2021-08-22 15:40:20.860000-05:00,9.583716666666668,0.0,Broadway & Barry Ave,Lincoln Ave & Diversey Pkwy
67,1577765863704261002,1629656241606,1629656501688,0.86,"{'amount': 65, 'exponent': 2, '__typename': 'Money'}",260082,894-872,Ride,2021-08-22 13:17:21.606000-05:00,2021-08-22 13:21:41.688000-05:00,4.3347,0.65,Wilton Ave & Diversey Pkwy,Broadway & Belmont Ave
68,1577368049306285702,1629563618327,1629564003403,0.82,"{'amount': 0, 'exponent': 2, '__typename': 'Money'}",385076,D02864,Ride,2021-08-21 11:33:38.327000-05:00,2021-08-21 11:40:03.403000-05:00,6.417933333333334,0.0,Lincoln Ave & Diversey Pkwy,Clark St & Wrightwood Ave
69,1576958112509302254,1629468172157,1629468885139,0.87,"{'amount': 0, 'exponent': 2, '__typename': 'Money'}",712982,P00567,Ride,2021-08-20 09:02:52.157000-05:00,2021-08-20 09:14:45.139000-05:00,11.883033333333334,0.0,Broadway & Belmont Ave,Lincoln Ave & Diversey Pkwy
70,1576930968858487904,1629461852216,1629462199752,0.62,"{'amount': 0, 'exponent': 2, '__typename': 'Money'}",347536,78846,Ride,2021-08-20 07:17:32.216000-05:00,2021-08-20 07:23:19.752000-05:00,5.792266666666667,0.0,Lincoln Ave & Diversey Pkwy,Wilton Ave & Belmont Ave
71,1576348759175623786,1629326295706,1629326997214,1.5,"{'amount': 0, 'exponent': 2, '__typename': 'Money'}",701508,D00445,Ride,2021-08-18 17:38:15.706000-05:00,2021-08-18 17:49:57.214000-05:00,11.6918,0.0,Lincoln Ave & Diversey Pkwy,Clark St & Armitage Ave
72,1575263066800160978,1629073512987,1629074206752,0.9,"{'amount': 0, 'exponent': 2, '__typename': 'Money'}",693765,C00601,Ride,2021-08-15 19:25:12.987000-05:00,2021-08-15 19:36:46.752000-05:00,11.562750000000001,0.0,Sheffield Ave & Wrightwood Ave,Broadway & Belmont Ave
73,1574846400337171412,1628976501041,1628977346616,0.96,"{'amount': 0, 'exponent': 2, '__typename': 'Money'}",845575,D00055,Ride,2021-08-14 16:28:21.041000-05:00,2021-08-14 16:42:26.616000-05:00,14.092916666666667,0.0,Green St & Madison St,Clark St & Lake St
74,1574748523072423502,1628953712244,1628954355823,0.87,"{'amount': 0, 'exponent': 2, '__typename': 'Money'}",643579,P00515,Ride,2021-08-14 10:08:32.244000-05:00,2021-08-14 10:19:15.823000-05:00,10.726316666666667,0.0,Lincoln Ave & Diversey Pkwy,Broadway & Belmont Ave
75,1573395066486289738,1628638586784,1628638890531,0.62,"{'amount': 0, 'exponent': 2, '__typename': 'Money'}",303747,P08771,Ride,2021-08-10 18:36:26.784000-05:00,2021-08-10 18:41:30.531000-05:00,5.06245,0.0,Lincoln Ave & Diversey Pkwy,Wilton Ave & Belmont Ave
76,1572857608101936012,1628513449137,1628513932640,0.87,"{'amount': 0, 'exponent': 2, '__typename': 'Money'}",483503,X00658,Ride,2021-08-09 07:50:49.137000-05:00,2021-08-09 07:58:52.640000-05:00,8.058383333333333,0.0,Lincoln Ave & Diversey Pkwy,Broadway & Belmont Ave
77,1572693862634101630,1628475323757,1628475657420,0.41,"{'amount': 0, 'exponent': 2, '__typename': 'Money'}",333663,T01523,Ride,2021-08-08 21:15:23.757000-05:00,2021-08-08 21:20:57.420000-05:00,5.56105,0.0,Sheffield Ave & Wellington Ave,Lincoln Ave & Diversey Pkwy
78,1572307994644780624,1628385482260,1628385770883,0.4,"{'amount': 0, 'exponent': 2, '__typename': 'Money'}",288623,D02970,Ride,2021-08-07 20:18:02.260000-05:00,2021-08-07 20:22:50.883000-05:00,4.810383333333333,0.0,Racine Ave & Belmont Ave,Clark St & Newport St
79,1571757660169538848,1628257346969,1628258088051,0.87,"{'amount': 0, 'exponent': 2, '__typename': 'Money'}",741082,A06996,Ride,2021-08-06 08:42:26.969000-05:00,2021-08-06 08:54:48.051000-05:00,12.351366666666667,0.0,Broadway & Belmont Ave,Lincoln Ave & Diversey Pkwy
80,1571581269296174470,1628216278164,1628216759166,0.87,"{'amount': 0, 'exponent': 2, '__typename': 'Money'}",481002,C00925,Ride,2021-08-05 21:17:58.164000-05:00,2021-08-05 21:25:59.166000-05:00,8.0167,0.0,Lincoln Ave & Diversey Pkwy,Broadway & Belmont Ave
81,1571193122401300074,1628125905628,1628126637381,1.0,"{'amount': 0, 'exponent': 2, '__typename': 'Money'}",731753,X00332,Ride,2021-08-04 20:11:45.628000-05:00,2021-08-04 20:23:57.381000-05:00,12.195883333333335,0.0,Sedgwick St & Webster Ave,Wilton Ave & Diversey Pkwy
82,1571167479820979906,1628119935305,1628120742835,1.68,"{'amount': 0, 'exponent': 2, '__typename': 'Money'}",807530,P02439,Ride,2021-08-04 18:32:15.305000-05:00,2021-08-04 18:45:42.835000-05:00,13.458833333333335,0.0,Wilton Ave & Diversey Pkwy,Wells St & Concord Ln
83,1571076559670217572,1628098766691,1628099420838,0.0,"{'amount': 0, 'exponent': 2, '__typename': 'Money'}",654147,A07793,Ride,2021-08-04 12:39:26.691000-05:00,2021-08-04 12:50:20.838000-05:00,10.90245,0.0,Lincoln Ave & Diversey Pkwy,Lincoln Ave & Diversey Pkwy
84,1570796640985358924,1628033592095,1628034175600,0.87,"{'amount': 0, 'exponent': 2, '__typename': 'Money'}",583505,P08890,Ride,2021-08-03 18:33:12.095000-05:00,2021-08-03 18:42:55.600000-05:00,9.725083333333334,0.0,Lincoln Ave & Diversey Pkwy,Broadway & Belmont Ave
85,1569948263398639436,1627836063865,1627836514220,0.82,"{'amount': 0, 'exponent': 2, '__typename': 'Money'}",450355,X00475,Ride,2021-08-01 11:41:03.865000-05:00,2021-08-01 11:48:34.220000-05:00,7.505916666666667,0.0,Lincoln Ave & Diversey Pkwy,Clark St & Wrightwood Ave
86,1569594124785935400,1627753610176,1627754587980,0.99,"{'amount': 0, 'exponent': 2, '__typename': 'Money'}",977804,P00655,Ride,2021-07-31 12:46:50.176000-05:00,2021-07-31 13:03:07.980000-05:00,16.296733333333336,0.0,Halsted St & Dickens Ave,Lincoln Ave & Diversey Pkwy
87,1569565661825967990,1627746983653,1627747382343,0.99,"{'amount': 0, 'exponent': 2, '__typename': 'Money'}",398690,X00084,Ride,2021-07-31 10:56:23.653000-05:00,2021-07-31 11:03:02.343000-05:00,6.644833333333334,0.0,Lincoln Ave & Diversey Pkwy,Halsted St & Dickens Ave
88,1568788517209174804,1627566040759,1627566819631,0.87,"{'amount': 0, 'exponent': 2, '__typename': 'Money'}",778872,P02647,Ride,2021-07-29 08:40:40.759000-05:00,2021-07-29 08:53:39.631000-05:00,12.981200000000001,0.0,Broadway & Belmont Ave,Lincoln Ave & Diversey Pkwy
89,1567670406377901418,1627305709506,1627306244724,0.87,"{'amount': 0, 'exponent': 2, '__typename': 'Money'}",535218,78321,Ride,2021-07-26 08:21:49.506000-05:00,2021-07-26 08:30:44.724000-05:00,8.920300000000001,0.0,Broadway & Belmont Ave,Lincoln Ave & Diversey Pkwy
90,1567651073786377796,1627301208186,1627301583803,0.65,"{'amount': 0, 'exponent': 2, '__typename': 'Money'}",375617,78321,Ride,2021-07-26 07:06:48.186000-05:00,2021-07-26 07:13:03.803000-05:00,6.260283333333334,0.0,Wilton Ave & Diversey Pkwy,Broadway & Belmont Ave
91,1566194504961626622,1626962074653,1626962592208,0.65,"{'amount': 0, 'exponent': 2, '__typename': 'Money'}",517555,P08718,Ride,2021-07-22 08:54:34.653000-05:00,2021-07-22 09:03:12.208000-05:00,8.625916666666667,0.0,Broadway & Belmont Ave,Wilton Ave & Diversey Pkwy
92,1565957816043621916,1626906966530,1626907667085,1.68,"{'amount': 0, 'exponent': 2, '__typename': 'Money'}",700555,P00091,Ride,2021-07-21 17:36:06.530000-05:00,2021-07-21 17:47:47.085000-05:00,11.675916666666668,0.0,Lincoln Ave & Diversey Pkwy,Clark St & Lincoln Ave
93,1565819654953469032,1626874798167,1626875129539,0.64,"{'amount': 0, 'exponent': 2, '__typename': 'Money'}",331372,A10184,Ride,2021-07-21 08:39:58.167000-05:00,2021-07-21 08:45:29.539000-05:00,5.522866666666667,0.0,Clark St & Wellington Ave,Lincoln Ave & Diversey Pkwy
94,1565073519392011044,1626701074015,1626701624561,0.87,"{'amount': 0, 'exponent': 2, '__typename': 'Money'}",550546,75590,Ride,2021-07-19 08:24:34.015000-05:00,2021-07-19 08:33:44.561000-05:00,9.175766666666668,0.0,Broadway & Belmont Ave,Lincoln Ave & Diversey Pkwy
95,1564895725564721738,1626659679832,1626660063599,0.64,"{'amount': 0, 'exponent': 2, '__typename': 'Money'}",383767,P08712,Ride,2021-07-18 20:54:39.832000-05:00,2021-07-18 21:01:03.599000-05:00,6.396116666666667,0.0,Lincoln Ave & Diversey Pkwy,Clark St & Wellington Ave
96,1564394937488364014,1626543079901,1626543673407,0.74,"{'amount': 0, 'exponent': 2, '__typename': 'Money'}",593506,T01891,Ride,2021-07-17 12:31:19.901000-05:00,2021-07-17 12:41:13.407000-05:00,9.891766666666667,0.0,Broadway & Belmont Ave,Clark St & Wrightwood Ave
97,1564129486671930640,1626481275580,1626481671646,0.65,"{'amount': 0, 'exponent': 2, '__typename': 'Money'}",396066,P00436,Ride,2021-07-16 19:21:15.580000-05:00,2021-07-16 19:27:51.646000-05:00,6.601100000000001,0.0,Wilton Ave & Diversey Pkwy,Broadway & Belmont Ave
98,1563960278884826632,1626441878400,1626442241614,0.74,"{'amount': 0, 'exponent': 2, '__typename': 'Money'}",363214,P02591,Ride,2021-07-16 08:24:38.400000-05:00,2021-07-16 08:30:41.614000-05:00,6.053566666666667,0.0,Broadway & Belmont Ave,Clark St & Wrightwood Ave
99,1563943272173628220,1626437918591,1626438489424,0.83,"{'amount': 0, 'exponent': 2, '__typename': 'Money'}",570833,D02740,Ride,2021-07-16 07:18:38.591000-05:00,2021-07-16 07:28:09.424000-05:00,9.513883333333334,0.0,Lincoln Ave & Diversey Pkwy,Broadway & Barry Ave
100,1563392473232862910,1626309674925,1626310816652,2.13,"{'amount': 0, 'exponent': 2, '__typename': 'Money'}",1141727,T01608,Ride,2021-07-14 19:41:14.925000-05:00,2021-07-14 20:00:16.652000-05:00,19.028783333333333,0.0,Burling St & Diversey Pkwy,Ritchie Ct & Banks St
101,1562674860609020668,1626142593394,1626142948466,0.7,"{'amount': 0, 'exponent': 2, '__typename': 'Money'}",355072,P00327,Ride,2021-07-12 21:16:33.394000-05:00,2021-07-12 21:22:28.466000-05:00,5.917866666666667,0.0,Lincoln Ave & Belmont Ave,Lincoln Ave & Diversey Pkwy
102,1562668277471884912,1626141060216,1626141330380,0.7,"{'amount': 0, 'exponent': 2, '__typename': 'Money'}",270164,D02776,Ride,2021-07-12 20:51:00.216000-05:00,2021-07-12 20:55:30.380000-05:00,4.5027333333333335,0.0,Lincoln Ave & Diversey Pkwy,Lincoln Ave & Belmont Ave
103,1562474911532939040,1626096039198,1626096309095,0.39,"{'amount': 0, 'exponent': 2, '__typename': 'Money'}",269897,P00631,Ride,2021-07-12 08:20:39.198000-05:00,2021-07-12 08:25:09.095000-05:00,4.498283333333333,0.0,Broadway & Belmont Ave,Wilton Ave & Belmont Ave
104,1562241479176440018,1626041689511,1626042057351,0.65,"{'amount': 0, 'exponent': 2, '__typename': 'Money'}",367840,T01876,Ride,2021-07-11 17:14:49.511000-05:00,2021-07-11 17:20:57.351000-05:00,6.130666666666667,0.0,Wilton Ave & Diversey Pkwy,Broadway & Belmont Ave
105,1560789995126910074,1625703739539,1625704586690,1.77,"{'amount': 0, 'exponent': 2, '__typename': 'Money'}",847151,D00651,Ride,2021-07-07 19:22:19.539000-05:00,2021-07-07 19:36:26.690000-05:00,14.119183333333334,0.0,Lincoln Ave & Diversey Pkwy,Sedgwick St & North Ave
106,1560251471254090696,1625578353867,1625578946191,0.87,"{'amount': 0, 'exponent': 2, '__typename': 'Money'}",592324,D02431,Ride,2021-07-06 08:32:33.867000-05:00,2021-07-06 08:42:26.191000-05:00,9.872066666666667,0.0,Broadway & Belmont Ave,Lincoln Ave & Diversey Pkwy
107,1560031320480156438,1625527096298,1625527635486,0.87,"{'amount': 0, 'exponent': 2, '__typename': 'Money'}",539188,D02644,Ride,2021-07-05 18:18:16.298000-05:00,2021-07-05 18:27:15.486000-05:00,8.986466666666667,0.0,Lincoln Ave & Diversey Pkwy,Broadway & Belmont Ave
108,1560015580887784488,1625523431180,1625523790841,0.63,"{'amount': 0, 'exponent': 2, '__typename': 'Money'}",359661,D02893,Ride,2021-07-05 17:17:11.180000-05:00,2021-07-05 17:23:10.841000-05:00,5.99435,0.0,Ashland Ave & Wellington Ave,Lincoln Ave & Diversey Pkwy
109,1560010519661986456,1625522253540,1625522619006,0.63,"{'amount': 0, 'exponent': 2, '__typename': 'Money'}",365466,D02893,Ride,2021-07-05 16:57:33.540000-05:00,2021-07-05 17:03:39.006000-05:00,6.0911,0.0,Lincoln Ave & Diversey Pkwy,Ashland Ave & Wellington Ave
110,1559212822432090726,1625336525034,1625337119718,0.65,"{'amount': 0, 'exponent': 2, '__typename': 'Money'}",594684,D02367,Ride,2021-07-03 13:22:05.034000-05:00,2021-07-03 13:31:59.718000-05:00,9.9114,0.0,Wilton Ave & Diversey Pkwy,Broadway & Belmont Ave
111,1558394464267241642,1625145986136,1625146911312,0.87,"{'amount': 0, 'exponent': 2, '__typename': 'Money'}",925176,D00445,Ride,2021-07-01 08:26:26.136000-05:00,2021-07-01 08:41:51.312000-05:00,15.4196,0.0,Broadway & Belmont Ave,Lincoln Ave & Diversey Pkwy
112,1558191346331437308,1625098694408,1625099228059,0.87,"{'amount': 0, 'exponent': 2, '__typename': 'Money'}",533651,P00647,Ride,2021-06-30 19:18:14.408000-05:00,2021-06-30 19:27:08.059000-05:00,8.894183333333334,0.0,Lincoln Ave & Diversey Pkwy,Broadway & Belmont Ave
113,1557655002040677234,1624973815924,1624974408514,0.87,"{'amount': 0, 'exponent': 2, '__typename': 'Money'}",592590,T01653,Ride,2021-06-29 08:36:55.924000-05:00,2021-06-29 08:46:48.514000-05:00,9.8765,0.0,Broadway & Belmont Ave,Lincoln Ave & Diversey Pkwy
114,1557634518109401422,1624969046752,1624969639817,0.87,"{'amount': 0, 'exponent': 2, '__typename': 'Money'}",593065,P02514,Ride,2021-06-29 07:17:26.752000-05:00,2021-06-29 07:27:19.817000-05:00,9.884416666666667,0.0,Lincoln Ave & Diversey Pkwy,Broadway & Belmont Ave
115,1557279403788340550,1624886365598,1624886884688,0.87,"{'amount': 0, 'exponent': 2, '__typename': 'Money'}",519090,D02486,Ride,2021-06-28 08:19:25.598000-05:00,2021-06-28 08:28:04.688000-05:00,8.6515,0.0,Broadway & Belmont Ave,Lincoln Ave & Diversey Pkwy
116,1557093509361265466,1624843084548,1624843387444,0.5,"{'amount': 0, 'exponent': 2, '__typename': 'Money'}",302896,78356,Ride,2021-06-27 20:18:04.548000-05:00,2021-06-27 20:23:07.444000-05:00,5.048266666666667,0.0,Sheffield Ave & Fullerton Ave,Bissell St & Armitage Ave
117,1556975295352247384,1624815560474,1624815923207,0.69,"{'amount': 0, 'exponent': 2, '__typename': 'Money'}",362733,A10393,Ride,2021-06-27 12:39:20.474000-05:00,2021-06-27 12:45:23.207000-05:00,6.04555,0.0,Racine Ave & Belmont Ave,Broadway & Belmont Ave
118,1556974303857813914,1624815329105,1624815540743,0.52,"{'amount': 0, 'exponent': 2, '__typename': 'Money'}",211638,X00376,Ride,2021-06-27 12:35:29.105000-05:00,2021-06-27 12:39:00.743000-05:00,3.5273000000000003,0.0,Lincoln Ave & Diversey Pkwy,Racine Ave & Belmont Ave
119,1555417227072436008,1624452794182,1624453212283,0.64,"{'amount': 0, 'exponent': 2, '__typename': 'Money'}",418101,75634,Ride,2021-06-23 07:53:14.182000-05:00,2021-06-23 08:00:12.283000-05:00,6.96835,0.0,Clark St & Wellington Ave,Lincoln Ave & Diversey Pkwy
120,1555200276185292660,1624402281275,1624402840385,0.87,"{'amount': 0, 'exponent': 2, '__typename': 'Money'}",559110,C00629,Ride,2021-06-22 17:51:21.275000-05:00,2021-06-22 18:00:40.385000-05:00,9.3185,0.0,Lincoln Ave & Diversey Pkwy,Broadway & Belmont Ave
121,1553824489796367856,1624081956113,1624082197459,0.52,"{'amount': 0, 'exponent': 2, '__typename': 'Money'}",241346,A10681,Ride,2021-06-19 00:52:36.113000-05:00,2021-06-19 00:56:37.459000-05:00,4.022433333333334,0.0,Sheffield Ave & Fullerton Ave,Lincoln Ave & Diversey Pkwy
122,1553012502501818540,1623892899530,1623893160558,0.65,"{'amount': 0, 'exponent': 2, '__typename': 'Money'}",261028,D02325,Ride,2021-06-16 20:21:39.530000-05:00,2021-06-16 20:26:00.558000-05:00,4.350466666666667,0.0,Lincoln Ave & Fullerton Ave,Lincoln Ave & Diversey Pkwy
123,1553010253337769952,1623892376233,1623892890796,1.03,"{'amount': 0, 'exponent': 2, '__typename': 'Money'}",514563,D00664,Ride,2021-06-16 20:12:56.233000-05:00,2021-06-16 20:21:30.796000-05:00,8.57605,0.0,Clark St & Lincoln Ave,Lincoln Ave & Fullerton Ave
124,1552986078660362420,1623886747914,1623887288261,1.82,"{'amount': 147, 'exponent': 2, '__typename': 'Money'}",540347,844-411,Ride,2021-06-16 18:39:07.914000-05:00,2021-06-16 18:48:08.261000-05:00,9.005783333333333,1.47,Racine Ave & Wrightwood Ave,Sedgwick St & North Ave
125,1552803894618883662,1623844330080,1623844707729,0.64,"{'amount': 0, 'exponent': 2, '__typename': 'Money'}",377649,70015,Ride,2021-06-16 06:52:10.080000-05:00,2021-06-16 06:58:27.729000-05:00,6.29415,0.0,Lincoln Ave & Diversey Pkwy,Clark St & Wellington Ave
126,1552601907747198116,1623797301048,1623797703492,0.64,"{'amount': 0, 'exponent': 2, '__typename': 'Money'}",402444,D00769,Ride,2021-06-15 17:48:21.048000-05:00,2021-06-15 17:55:03.492000-05:00,6.707400000000001,0.0,Clark St & Wellington Ave,Lincoln Ave & Diversey Pkwy
127,1552288329745167368,1623724290345,1623724755730,0.87,"{'amount': 0, 'exponent': 2, '__typename': 'Money'}",465385,P08927,Ride,2021-06-14 21:31:30.345000-05:00,2021-06-14 21:39:15.730000-05:00,7.756416666666667,0.0,Lincoln Ave & Diversey Pkwy,Broadway & Belmont Ave
128,1551897109119132076,1623633202566,1623633529896,0.39,"{'amount': 0, 'exponent': 2, '__typename': 'Money'}",327330,D02708,Ride,2021-06-13 20:13:22.566000-05:00,2021-06-13 20:18:49.896000-05:00,5.455500000000001,0.0,Clark St & Wellington Ave,Wilton Ave & Diversey Pkwy
129,1551828302855126686,1623617181859,1623617673728,0.87,"{'amount': 0, 'exponent': 2, '__typename': 'Money'}",491869,D02957,Ride,2021-06-13 15:46:21.859000-05:00,2021-06-13 15:54:33.728000-05:00,8.197816666666666,0.0,Lincoln Ave & Diversey Pkwy,Broadway & Belmont Ave
130,1551502171284724874,1623541249060,1623541615066,0.69,"{'amount': 0, 'exponent': 2, '__typename': 'Money'}",366006,X00871,Ride,2021-06-12 18:40:49.060000-05:00,2021-06-12 18:46:55.066000-05:00,6.1001,0.0,Racine Ave & Belmont Ave,Broadway & Belmont Ave
131,1551501226153967336,1623541028927,1623541239031,0.52,"{'amount': 0, 'exponent': 2, '__typename': 'Money'}",210104,A10848,Ride,2021-06-12 18:37:08.927000-05:00,2021-06-12 18:40:39.031000-05:00,3.5017333333333336,0.0,Lincoln Ave & Diversey Pkwy,Racine Ave & Belmont Ave
132,1550970464203330266,1623417451349,1623417975087,0.87,"{'amount': 0, 'exponent': 2, '__typename': 'Money'}",523738,T01570,Ride,2021-06-11 08:17:31.349000-05:00,2021-06-11 08:26:15.087000-05:00,8.728966666666667,0.0,Broadway & Belmont Ave,Lincoln Ave & Diversey Pkwy
133,1550952786826565042,1623413335464,1623413799415,0.87,"{'amount': 0, 'exponent': 2, '__typename': 'Money'}",463951,P02337,Ride,2021-06-11 07:08:55.464000-05:00,2021-06-11 07:16:39.415000-05:00,7.732516666666667,0.0,Lincoln Ave & Diversey Pkwy,Broadway & Belmont Ave
134,1549862416364583284,1623159462742,1623159914412,0.83,"{'amount': 0, 'exponent': 2, '__typename': 'Money'}",451670,A07365,Ride,2021-06-08 08:37:42.742000-05:00,2021-06-08 08:45:14.412000-05:00,7.527833333333334,0.0,Broadway & Barry Ave,Lincoln Ave & Diversey Pkwy
135,1549686422326702722,1623118487331,1623118969333,0.87,"{'amount': 0, 'exponent': 2, '__typename': 'Money'}",482002,A10802,Ride,2021-06-07 21:14:47.331000-05:00,2021-06-07 21:22:49.333000-05:00,8.033366666666668,0.0,Lincoln Ave & Diversey Pkwy,Broadway & Belmont Ave
136,1549146859307662850,1622992859918,1622993219788,0.56,"{'amount': 0, 'exponent': 2, '__typename': 'Money'}",359870,D02882,Ride,2021-06-06 10:20:59.918000-05:00,2021-06-06 10:26:59.788000-05:00,5.997833333333333,0.0,Broadway & Barry Ave,Clark St & Wrightwood Ave
137,1548901594788816328,1622935755259,1622936787979,1.79,"{'amount': 0, 'exponent': 2, '__typename': 'Money'}",1032720,T01788,Ride,2021-06-05 18:29:15.259000-05:00,2021-06-05 18:46:27.979000-05:00,17.212,0.0,Larrabee St & Armitage Ave,Halsted St & Roscoe St
138,1548858141194869222,1622925637376,1622926522827,0.99,"{'amount': 0, 'exponent': 2, '__typename': 'Money'}",885451,T01826,Ride,2021-06-05 15:40:37.376000-05:00,2021-06-05 15:55:22.827000-05:00,14.757516666666668,0.0,Clark St & Drummond Pl,Clark St & Armitage Ave
139,1548563012331891210,1622856921302,1622857275730,0.0,"{'amount': 0, 'exponent': 2, '__typename': 'Money'}",354428,P07588,Ride,2021-06-04 20:35:21.302000-05:00,2021-06-04 20:41:15.730000-05:00,5.907133333333333,0.0,Burling St & Diversey Pkwy,Burling St & Diversey Pkwy
140,1548558305592272110,1622855826988,1622856903483,1.3,"{'amount': 0, 'exponent': 2, '__typename': 'Money'}",1076495,A10470,Ride,2021-06-04 20:17:06.988000-05:00,2021-06-04 20:35:03.483000-05:00,17.941583333333334,0.0,Larrabee St & Menomonee St,Burling St & Diversey Pkwy
141,1548517019303004244,1622846214510,1622847284840,1.77,"{'amount': 0, 'exponent': 2, '__typename': 'Money'}",1070330,X00086,Ride,2021-06-04 17:36:54.510000-05:00,2021-06-04 17:54:44.840000-05:00,17.838833333333334,0.0,Lincoln Ave & Diversey Pkwy,Sedgwick St & North Ave
142,1548374268478391294,1622812977654,1622813768023,0.87,"{'amount': 0, 'exponent': 2, '__typename': 'Money'}",790369,P00373,Ride,2021-06-04 08:22:57.654000-05:00,2021-06-04 08:36:08.023000-05:00,13.172816666666668,0.0,Broadway & Belmont Ave,Lincoln Ave & Diversey Pkwy
143,1548005425650150136,1622727099211,1622727628009,0.87,"{'amount': 0, 'exponent': 2, '__typename': 'Money'}",528798,C00673,Ride,2021-06-03 08:31:39.211000-05:00,2021-06-03 08:40:28.009000-05:00,8.8133,0.0,Broadway & Belmont Ave,Lincoln Ave & Diversey Pkwy
144,1547983360978908272,1622721962156,1622722439678,0.87,"{'amount': 0, 'exponent': 2, '__typename': 'Money'}",477522,T01465,Ride,2021-06-03 07:06:02.156000-05:00,2021-06-03 07:13:59.678000-05:00,7.9587,0.0,Lincoln Ave & Diversey Pkwy,Broadway & Belmont Ave
145,1547813918937410618,1622682511733,1622682846002,0.62,"{'amount': 0, 'exponent': 2, '__typename': 'Money'}",334269,A10435,Ride,2021-06-02 20:08:31.733000-05:00,2021-06-02 20:14:06.002000-05:00,5.57115,0.0,Lincoln Ave & Diversey Pkwy,Wilton Ave & Belmont Ave
146,1547422968449671790,1622591485265,1622591841640,0.65,"{'amount': 0, 'exponent': 2, '__typename': 'Money'}",356375,P01280,Ride,2021-06-01 18:51:25.265000-05:00,2021-06-01 18:57:21.640000-05:00,5.939583333333333,0.0,Wilton Ave & Diversey Pkwy,Broadway & Belmont Ave
147,1542963017238617782,1621553071985,1621553584883,0.87,"{'amount': 0, 'exponent': 2, '__typename': 'Money'}",512898,P00436,Ride,2021-05-20 18:24:31.985000-05:00,2021-05-20 18:33:04.883000-05:00,8.548300000000001,0.0,Lincoln Ave & Diversey Pkwy,Broadway & Belmont Ave
148,1542069361621009408,1621345002272,1621345515999,0.87,"{'amount': 0, 'exponent': 2, '__typename': 'Money'}",513727,A10488,Ride,2021-05-18 08:36:42.272000-05:00,2021-05-18 08:45:15.999000-05:00,8.562116666666666,0.0,Broadway & Belmont Ave,Lincoln Ave & Diversey Pkwy
149,1541882172365507496,1621301417909,1621301952920,0.87,"{'amount': 0, 'exponent': 2, '__typename': 'Money'}",535011,D00652,Ride,2021-05-17 20:30:17.909000-05:00,2021-05-17 20:39:12.920000-05:00,8.91685,0.0,Lincoln Ave & Diversey Pkwy,Broadway & Belmont Ave
150,1540066777907899796,1620878739317,1620879048470,0.52,"{'amount': 0, 'exponent': 2, '__typename': 'Money'}",309153,D00111,Ride,2021-05-12 23:05:39.317000-05:00,2021-05-12 23:10:48.470000-05:00,5.152550000000001,0.0,Sheffield Ave & Fullerton Ave,Lincoln Ave & Diversey Pkwy
151,1540012665496224220,1620866140356,1620866496883,0.78,"{'amount': 0, 'exponent': 2, '__typename': 'Money'}",356527,C00931,Ride,2021-05-12 19:35:40.356000-05:00,2021-05-12 19:41:36.883000-05:00,5.942116666666667,0.0,Lincoln Ave & Diversey Pkwy,Sheffield Ave & Webster Ave
152,1539660218173308770,1620784079341,1620784677637,0.87,"{'amount': 0, 'exponent': 2, '__typename': 'Money'}",598296,A10501,Ride,2021-05-11 20:47:59.341000-05:00,2021-05-11 20:57:57.637000-05:00,9.9716,0.0,Broadway & Belmont Ave,Lincoln Ave & Diversey Pkwy
153,1539625547564968010,1620776006733,1620776367091,0.65,"{'amount': 0, 'exponent': 2, '__typename': 'Money'}",360358,P00573,Ride,2021-05-11 18:33:26.733000-05:00,2021-05-11 18:39:27.091000-05:00,6.005966666666667,0.0,Wilton Ave & Diversey Pkwy,Broadway & Belmont Ave
154,1536681373337724306,1620090512865,1620091251062,0.93,"{'amount': 0, 'exponent': 2, '__typename': 'Money'}",738197,78057,Ride,2021-05-03 20:08:32.865000-05:00,2021-05-03 20:20:51.062000-05:00,12.303283333333335,0.0,Lincoln Ave & Diversey Pkwy,Halsted St & Roscoe St
155,1535883337817748720,1619904706155,1619905035059,0.41,"{'amount': 0, 'exponent': 2, '__typename': 'Money'}",328904,P00005,Ride,2021-05-01 16:31:46.155000-05:00,2021-05-01 16:37:15.059000-05:00,5.481733333333334,0.0,Sheffield Ave & Wellington Ave,Lincoln Ave & Diversey Pkwy
156,1535819199580667900,1619889771931,1619890239200,0.87,"{'amount': 0, 'exponent': 2, '__typename': 'Money'}",467269,X00082,Ride,2021-05-01 12:22:51.931000-05:00,2021-05-01 12:30:39.200000-05:00,7.787816666666667,0.0,Lincoln Ave & Diversey Pkwy,Broadway & Belmont Ave
157,1533265859633356432,1619295276590,1619295548766,0.46,"{'amount': 0, 'exponent': 2, '__typename': 'Money'}",272176,X00596,Ride,2021-04-24 15:14:36.590000-05:00,2021-04-24 15:19:08.766000-05:00,4.536266666666667,0.0,Racine Ave & Fullerton Ave,Lincoln Ave & Diversey Pkwy
158,1532981278754161386,1619229016562,1619229597240,0.59,"{'amount': 0, 'exponent': 2, '__typename': 'Money'}",580678,75464,Ride,2021-04-23 20:50:16.562000-05:00,2021-04-23 20:59:57.240000-05:00,9.677966666666666,0.0,Racine Ave & Fullerton Ave,Bissell St & Armitage Ave
159,1532980340055167188,1619228799027,1619229008075,0.23,"{'amount': 0, 'exponent': 2, '__typename': 'Money'}",209048,X00669,Ride,2021-04-23 20:46:39.027000-05:00,2021-04-23 20:50:08.075000-05:00,3.4841333333333333,0.0,Racine Ave & Wrightwood Ave,Racine Ave & Fullerton Ave
160,1531861093184385160,1618968204635,1618968741773,0.87,"{'amount': 0, 'exponent': 2, '__typename': 'Money'}",537138,D02992,Ride,2021-04-20 20:23:24.635000-05:00,2021-04-20 20:32:21.773000-05:00,8.952300000000001,0.0,Broadway & Belmont Ave,Lincoln Ave & Diversey Pkwy
161,1531845058343290498,1618964470259,1618965002700,0.83,"{'amount': 0, 'exponent': 2, '__typename': 'Money'}",532441,D00332,Ride,2021-04-20 19:21:10.259000-05:00,2021-04-20 19:30:02.700000-05:00,8.874016666666668,0.0,Lincoln Ave & Diversey Pkwy,Broadway & Barry Ave
162,1531844973753263310,1618964451570,1618964464504,0.0,"{'amount': 0, 'exponent': 2, '__typename': 'Money'}",12934,C00730,Ride,2021-04-20 19:20:51.570000-05:00,2021-04-20 19:21:04.504000-05:00,0.21556666666666668,0.0,Lincoln Ave & Diversey Pkwy,Lincoln Ave & Diversey Pkwy
163,1531112503131514692,1618793909505,1618794336941,0.64,"{'amount': 0, 'exponent': 2, '__typename': 'Money'}",427436,P00535,Ride,2021-04-18 19:58:29.505000-05:00,2021-04-18 20:05:36.941000-05:00,7.1239333333333335,0.0,Lincoln Ave & Diversey Pkwy,Clark St & Wellington Ave
164,1526333292000383428,1617681161849,1617682280366,0.84,"{'amount': 0, 'exponent': 2, '__typename': 'Money'}",1118517,D00610,Ride,2021-04-05 22:52:41.849000-05:00,2021-04-05 23:11:20.366000-05:00,18.64195,0.0,Clark St & Newport St,Wilton Ave & Diversey Pkwy
165,1526249535283074014,1617661661761,1617662606920,1.36,"{'amount': 0, 'exponent': 2, '__typename': 'Money'}",945159,P02621,Ride,2021-04-05 17:27:41.761000-05:00,2021-04-05 17:43:26.920000-05:00,15.752650000000001,0.0,Clark St & Drummond Pl,Sheffield Ave & Waveland Ave
166,1524057142567662208,1617151205650,1617151434462,0.56,"{'amount': 0, 'exponent': 2, '__typename': 'Money'}",228812,D00344,Ride,2021-03-30 19:40:05.650000-05:00,2021-03-30 19:43:54.462000-05:00,3.8135333333333334,0.0,Lincoln Ave & Diversey Pkwy,Burling St & Diversey Pkwy
167,1524046242727728944,1617148667206,1617149309705,0.87,"{'amount': 0, 'exponent': 2, '__typename': 'Money'}",642499,D00344,Ride,2021-03-30 18:57:47.206000-05:00,2021-03-30 19:08:29.705000-05:00,10.708316666666667,0.0,Broadway & Belmont Ave,Lincoln Ave & Diversey Pkwy
168,1524013267133677166,1617140988880,1617141549540,0.87,"{'amount': 0, 'exponent': 2, '__typename': 'Money'}",560660,D00551,Ride,2021-03-30 16:49:48.880000-05:00,2021-03-30 16:59:09.540000-05:00,9.344333333333333,0.0,Lincoln Ave & Diversey Pkwy,Broadway & Belmont Ave
169,1520663394301066498,1616361036059,1616361548316,0.64,"{'amount': 0, 'exponent': 2, '__typename': 'Money'}",512257,X00141,Ride,2021-03-21 16:10:36.059000-05:00,2021-03-21 16:19:08.316000-05:00,8.537616666666667,0.0,Lincoln Ave & Diversey Pkwy,Clark St & Wellington Ave
170,1518305677167496708,1615812088470,1615812573673,0.65,"{'amount': 0, 'exponent': 2, '__typename': 'Money'}",485203,X00135,Ride,2021-03-15 07:41:28.470000-05:00,2021-03-15 07:49:33.673000-05:00,8.086716666666668,0.0,Broadway & Belmont Ave,Wilton Ave & Diversey Pkwy
171,1516656913660377416,1615428205073,1615428566181,0.65,"{'amount': 0, 'exponent': 2, '__typename': 'Money'}",361108,D02992,Ride,2021-03-10 20:03:25.073000-06:00,2021-03-10 20:09:26.181000-06:00,6.018466666666667,0.0,Wilton Ave & Diversey Pkwy,Broadway & Belmont Ave
172,1515541914745538826,1615168599762,1615169201649,0.87,"{'amount': 0, 'exponent': 2, '__typename': 'Money'}",601887,X00465,Ride,2021-03-07 19:56:39.762000-06:00,2021-03-07 20:06:41.649000-06:00,10.031450000000001,0.0,Lincoln Ave & Diversey Pkwy,Broadway & Belmont Ave
173,1515428164050267040,1615142113926,1615142713280,0.87,"{'amount': 0, 'exponent': 2, '__typename': 'Money'}",599354,78213,Ride,2021-03-07 12:35:13.926000-06:00,2021-03-07 12:45:13.280000-06:00,9.989233333333333,0.0,Broadway & Belmont Ave,Lincoln Ave & Diversey Pkwy
174,1513688085864846432,1614736971150,1614737432999,0.87,"{'amount': 0, 'exponent': 2, '__typename': 'Money'}",461849,X00829,Ride,2021-03-02 20:02:51.150000-06:00,2021-03-02 20:10:32.999000-06:00,7.6974833333333335,0.0,Lincoln Ave & Diversey Pkwy,Broadway & Belmont Ave
175,1501792169392019662,1611967236800,1611967869133,0.92,"{'amount': 0, 'exponent': 2, '__typename': 'Money'}",632333,T01503,Ride,2021-01-29 18:40:36.800000-06:00,2021-01-29 18:51:09.133000-06:00,10.538883333333334,0.0,Wilton Ave & Diversey Pkwy,Ashland Ave & Wellington Ave
176,1501665166322468466,1611937666813,1611938002546,0.62,"{'amount': 0, 'exponent': 2, '__typename': 'Money'}",335733,D00590,Ride,2021-01-29 10:27:46.813000-06:00,2021-01-29 10:33:22.546000-06:00,5.59555,0.0,Wilton Ave & Belmont Ave,Lincoln Ave & Diversey Pkwy
177,1501429258528648496,1611882740522,1611883278798,0.87,"{'amount': 0, 'exponent': 2, '__typename': 'Money'}",538276,A10659,Ride,2021-01-28 19:12:20.522000-06:00,2021-01-28 19:21:18.798000-06:00,8.971266666666667,0.0,Lincoln Ave & Diversey Pkwy,Broadway & Belmont Ave
178,1500885564148353972,1611756151130,1611756593522,0.62,"{'amount': 0, 'exponent': 2, '__typename': 'Money'}",442392,D00517,Ride,2021-01-27 08:02:31.130000-06:00,2021-01-27 08:09:53.522000-06:00,7.373200000000001,0.0,Wilton Ave & Belmont Ave,Lincoln Ave & Diversey Pkwy
179,1500710284500279308,1611715341624,1611715731692,0.62,"{'amount': 0, 'exponent': 2, '__typename': 'Money'}",390068,D00517,Ride,2021-01-26 20:42:21.624000-06:00,2021-01-26 20:48:51.692000-06:00,6.501133333333334,0.0,Lincoln Ave & Diversey Pkwy,Wilton Ave & Belmont Ave
180,1499947755751576808,1611537800686,1611538462214,0.87,"{'amount': 0, 'exponent': 2, '__typename': 'Money'}",661528,D00651,Ride,2021-01-24 19:23:20.686000-06:00,2021-01-24 19:34:22.214000-06:00,11.025466666666667,0.0,Broadway & Belmont Ave,Lincoln Ave & Diversey Pkwy
181,1499947510424937738,1611537744191,1611537789695,0.0,"{'amount': 0, 'exponent': 2, '__typename': 'Money'}",45504,T01726,Ride,2021-01-24 19:22:24.191000-06:00,2021-01-24 19:23:09.695000-06:00,0.7584000000000001,0.0,Broadway & Belmont Ave,Broadway & Belmont Ave
182,1499549237860474516,1611445014560,1611445635802,0.62,"{'amount': 0, 'exponent': 2, '__typename': 'Money'}",621242,D00237,Ride,2021-01-23 17:36:54.560000-06:00,2021-01-23 17:47:15.802000-06:00,10.354033333333334,0.0,Lincoln Ave & Diversey Pkwy,Wilton Ave & Belmont Ave
183,1499020622636225740,1611321936643,1611322488793,0.87,"{'amount': 0, 'exponent': 2, '__typename': 'Money'}",552150,X00717,Ride,2021-01-22 07:25:36.643000-06:00,2021-01-22 07:34:48.793000-06:00,9.2025,0.0,Broadway & Belmont Ave,Lincoln Ave & Diversey Pkwy
184,1498841389125617286,1611280205222,1611280721811,0.87,"{'amount': 0, 'exponent': 2, '__typename': 'Money'}",516589,X00717,Ride,2021-01-21 19:50:05.222000-06:00,2021-01-21 19:58:41.811000-06:00,8.609816666666667,0.0,Lincoln Ave & Diversey Pkwy,Broadway & Belmont Ave
185,1497915510799892618,1611064632382,1611065277750,0.87,"{'amount': 0, 'exponent': 2, '__typename': 'Money'}",645368,D02351,Ride,2021-01-19 07:57:12.382000-06:00,2021-01-19 08:07:57.750000-06:00,10.756133333333334,0.0,Broadway & Belmont Ave,Lincoln Ave & Diversey Pkwy
186,1497634419832481986,1610999184894,1610999794536,0.76,"{'amount': 0, 'exponent': 2, '__typename': 'Money'}",609642,P08925,Ride,2021-01-18 13:46:24.894000-06:00,2021-01-18 13:56:34.536000-06:00,10.1607,0.0,Wilton Ave & Belmont Ave,Clark St & Drummond Pl
187,1497267485074636534,1610913752027,1610914844540,1.79,"{'amount': 0, 'exponent': 2, '__typename': 'Money'}",1092513,D02492,Ride,2021-01-17 14:02:32.027000-06:00,2021-01-17 14:20:44.540000-06:00,18.208550000000002,0.0,Clark St & Wellington Ave,Dayton St & North Ave
188,1496594058150478042,1610756956416,1610757268097,0.39,"{'amount': 0, 'exponent': 2, '__typename': 'Money'}",311681,P00007,Ride,2021-01-15 18:29:16.416000-06:00,2021-01-15 18:34:28.097000-06:00,5.194683333333334,0.0,Wilton Ave & Diversey Pkwy,Clark St & Wellington Ave
189,1496429690866747804,1610718688373,1610719271133,0.87,"{'amount': 0, 'exponent': 2, '__typename': 'Money'}",582760,A10644,Ride,2021-01-15 07:51:28.373000-06:00,2021-01-15 08:01:11.133000-06:00,9.712666666666667,0.0,Broadway & Belmont Ave,Lincoln Ave & Diversey Pkwy
190,1496232457279419174,1610672766789,1610673341335,0.87,"{'amount': 0, 'exponent': 2, '__typename': 'Money'}",574546,A10644,Ride,2021-01-14 19:06:06.789000-06:00,2021-01-14 19:15:41.335000-06:00,9.575766666666667,0.0,Lincoln Ave & Diversey Pkwy,Broadway & Belmont Ave
191,1495099568960174404,1610408993979,1610409316331,0.63,"{'amount': 0, 'exponent': 2, '__typename': 'Money'}",322352,P02531,Ride,2021-01-11 17:49:53.979000-06:00,2021-01-11 17:55:16.331000-06:00,5.372533333333333,0.0,Ashland Ave & Wellington Ave,Lincoln Ave & Diversey Pkwy
192,1495093778737053038,1610407646582,1610407889747,0.31,"{'amount': 0, 'exponent': 2, '__typename': 'Money'}",243165,P02531,Ride,2021-01-11 17:27:26.582000-06:00,2021-01-11 17:31:29.747000-06:00,4.0527500000000005,0.0,Greenview Ave & Diversey Pkwy,Ashland Ave & Wellington Ave
193,1494692937604511990,1610314318292,1610314889322,0.64,"{'amount': 0, 'exponent': 2, '__typename': 'Money'}",571030,X00582,Ride,2021-01-10 15:31:58.292000-06:00,2021-01-10 15:41:29.322000-06:00,9.517166666666666,0.0,Clark St & Wellington Ave,Lincoln Ave & Diversey Pkwy
194,1494622125195892672,1610297831066,1610298332863,0.83,"{'amount': 0, 'exponent': 2, '__typename': 'Money'}",501797,D00785,Ride,2021-01-10 10:57:11.066000-06:00,2021-01-10 11:05:32.863000-06:00,8.363283333333333,0.0,Lincoln Ave & Diversey Pkwy,Broadway & Barry Ave
195,1493831269368254400,1610113695722,1610114203702,0.87,"{'amount': 0, 'exponent': 2, '__typename': 'Money'}",507980,75640,Ride,2021-01-08 07:48:15.722000-06:00,2021-01-08 07:56:43.702000-06:00,8.466333333333333,0.0,Broadway & Belmont Ave,Lincoln Ave & Diversey Pkwy
196,1493636753356786512,1610068406034,1610068997213,0.87,"{'amount': 0, 'exponent': 2, '__typename': 'Money'}",591179,A10520,Ride,2021-01-07 19:13:26.034000-06:00,2021-01-07 19:23:17.213000-06:00,9.852983333333334,0.0,Lincoln Ave & Diversey Pkwy,Broadway & Belmont Ave
197,1493545290119635448,1610047110948,1610047501846,0.63,"{'amount': 0, 'exponent': 2, '__typename': 'Money'}",390898,A10709,Ride,2021-01-07 13:18:30.948000-06:00,2021-01-07 13:25:01.846000-06:00,6.514966666666667,0.0,Ashland Ave & Wellington Ave,Lincoln Ave & Diversey Pkwy
198,1493539384679434386,1610045736773,1610046033868,0.63,"{'amount': 0, 'exponent': 2, '__typename': 'Money'}",297095,A10709,Ride,2021-01-07 12:55:36.773000-06:00,2021-01-07 13:00:33.868000-06:00,4.951583333333334,0.0,Lincoln Ave & Diversey Pkwy,Ashland Ave & Wellington Ave
199,1492717491817122710,1609854374041,1609854697244,0.62,"{'amount': 0, 'exponent': 2, '__typename': 'Money'}",323203,P08779,Ride,2021-01-05 07:46:14.041000-06:00,2021-01-05 07:51:37.244000-06:00,5.386716666666667,0.0,Wilton Ave & Belmont Ave,Lincoln Ave & Diversey Pkwy
200,1492541479301526700,1609813393486,1609813899715,0.87,"{'amount': 0, 'exponent': 2, '__typename': 'Money'}",506229,P00372,Ride,2021-01-04 20:23:13.486000-06:00,2021-01-04 20:31:39.715000-06:00,8.43715,0.0,Lincoln Ave & Diversey Pkwy,Broadway & Belmont Ave
201,1490213837263073380,1609271446256,1609271851054,0.62,"{'amount': 0, 'exponent': 2, '__typename': 'Money'}",404798,X00431,Ride,2020-12-29 13:50:46.256000-06:00,2020-12-29 13:57:31.054000-06:00,6.7466333333333335,0.0,Wilton Ave & Belmont Ave,Lincoln Ave & Diversey Pkwy
202,1490200428491093244,1609268324221,1609268648456,0.62,"{'amount': 0, 'exponent': 2, '__typename': 'Money'}",324235,X00431,Ride,2020-12-29 12:58:44.221000-06:00,2020-12-29 13:04:08.456000-06:00,5.403916666666667,0.0,Lincoln Ave & Diversey Pkwy,Wilton Ave & Belmont Ave
203,1489875032205714218,1609192562081,1609193420482,1.57,"{'amount': 0, 'exponent': 2, '__typename': 'Money'}",858401,X00431,Ride,2020-12-28 15:56:02.081000-06:00,2020-12-28 16:10:20.482000-06:00,14.306683333333334,0.0,Dayton St & North Ave,Lincoln Ave & Diversey Pkwy
204,1489859473897122492,1609188940461,1609189714810,1.57,"{'amount': 0, 'exponent': 2, '__typename': 'Money'}",774349,X00431,Ride,2020-12-28 14:55:40.461000-06:00,2020-12-28 15:08:34.810000-06:00,12.905816666666666,0.0,Lincoln Ave & Diversey Pkwy,Dayton St & North Ave
205,1476930497713153816,1606178683562,1606179111302,0.89,"{'amount': 0, 'exponent': 2, '__typename': 'Money'}",427740,P00474,Ride,2020-11-23 18:44:43.562000-06:00,2020-11-23 18:51:51.302000-06:00,7.1290000000000004,0.0,Broadway & Barry Ave,Lincoln Ave & Diversey Pkwy
206,1476921166751675594,1606176516889,1606177208728,1.43,"{'amount': 0, 'exponent': 2, '__typename': 'Money'}",691839,D00621,Ride,2020-11-23 18:08:36.889000-06:00,2020-11-23 18:20:08.728000-06:00,11.530650000000001,0.0,Lincoln Ave & Diversey Pkwy,Broadway & Belmont Ave
207,1472134074870891956,1605061938722,1605062420970,1.0,"{'amount': 0, 'exponent': 2, '__typename': 'Money'}",482248,P00090,Ride,2020-11-10 20:32:18.722000-06:00,2020-11-10 20:40:20.970000-06:00,8.037466666666667,0.0,Lincoln Ave & Diversey Pkwy,Broadway & Belmont Ave
208,1471330451252115764,1604874822083,1604876041582,2.53,"{'amount': 0, 'exponent': 2, '__typename': 'Money'}",1219499,A10983,Ride,2020-11-08 16:33:42.083000-06:00,2020-11-08 16:54:01.582000-06:00,20.324983333333336,0.0,Clark St & Schiller St,Greenview Ave & Diversey Pkwy
209,1470986772763890996,1604794801584,1604795205944,0.84,"{'amount': 0, 'exponent': 2, '__typename': 'Money'}",404360,X00819,Ride,2020-11-07 18:20:01.584000-06:00,2020-11-07 18:26:45.944000-06:00,6.739333333333334,0.0,Lincoln Ave & Diversey Pkwy,Clark St & Wellington Ave
211,1470545550431492062,1604692073403,1604692365633,0.61,"{'amount': 0, 'exponent': 2, '__typename': 'Money'}",292230,X00721,Ride,2020-11-06 13:47:53.403000-06:00,2020-11-06 13:52:45.633000-06:00,4.8705,0.0,Greenview Ave & Diversey Pkwy,Ashland Ave & Wellington Ave
212,1470213415112835262,1604614741499,1604615016686,0.57,"{'amount': 0, 'exponent': 2, '__typename': 'Money'}",275187,A10508,Ride,2020-11-05 16:19:01.499000-06:00,2020-11-05 16:23:36.686000-06:00,4.58645,0.0,Sheffield Ave & Wellington Ave,Lincoln Ave & Diversey Pkwy
213,1469856703092442952,1604531692835,1604532102477,0.85,"{'amount': 0, 'exponent': 2, '__typename': 'Money'}",409642,C00900,Ride,2020-11-04 17:14:52.835000-06:00,2020-11-04 17:21:42.477000-06:00,6.827366666666667,0.0,Wilton Ave & Diversey Pkwy,Broadway & Belmont Ave
214,1469839923823722804,1604527782123,1604528039077,0.53,"{'amount': 0, 'exponent': 2, '__typename': 'Money'}",256954,P00045,Ride,2020-11-04 16:09:42.123000-06:00,2020-11-04 16:13:59.077000-06:00,4.282566666666667,0.0,Clark St & Wellington Ave,Wilton Ave & Diversey Pkwy
215,1469406812900405936,1604426940823,1604427541155,1.24,"{'amount': 0, 'exponent': 2, '__typename': 'Money'}",600332,D00796,Ride,2020-11-03 12:09:00.823000-06:00,2020-11-03 12:19:01.155000-06:00,10.005533333333334,0.0,Ashland Ave & Wellington Ave,Lincoln Ave & Diversey Pkwy
216,1469401027051810004,1604425593259,1604426922947,2.75,"{'amount': 0, 'exponent': 2, '__typename': 'Money'}",1329688,D00796,Ride,2020-11-03 11:46:33.259000-06:00,2020-11-03 12:08:42.947000-06:00,22.16146666666667,0.0,Lincoln Ave & Diversey Pkwy,Ashland Ave & Wellington Ave
217,1468967985390700488,1604324766750,1604325278050,1.06,"{'amount': 0, 'exponent': 2, '__typename': 'Money'}",511300,P00052,Ride,2020-11-02 07:46:06.750000-06:00,2020-11-02 07:54:38.050000-06:00,8.521666666666667,0.0,Clark St & Wellington Ave,Lincoln Ave & Diversey Pkwy
218,1468777335582798166,1604280377182,1604280978455,1.25,"{'amount': 0, 'exponent': 2, '__typename': 'Money'}",601273,A10408,Ride,2020-11-01 19:26:17.182000-06:00,2020-11-01 19:36:18.455000-06:00,10.021216666666668,0.0,Lincoln Ave & Diversey Pkwy,Broadway & Belmont Ave
219,1466916345586775640,1603847081257,1603847679518,1.24,"{'amount': 0, 'exponent': 2, '__typename': 'Money'}",598261,C00670,Ride,2020-10-27 20:04:41.257000-05:00,2020-10-27 20:14:39.518000-05:00,9.971016666666667,0.0,Lincoln Ave & Diversey Pkwy,Broadway & Belmont Ave
221,1465045897239098856,1603411578912,1603412078364,1.46,"{'amount': 131, 'exponent': 2, '__typename': 'Money'}",499452,562-575,Ride,2020-10-22 19:06:18.912000-05:00,2020-10-22 19:14:38.364000-05:00,8.324200000000001,1.31,Larrabee St & Webster Ave,Lincoln Ave & Diversey Pkwy
222,1465028479865912292,1603407529704,1603408444199,1.89,"{'amount': 0, 'exponent': 2, '__typename': 'Money'}",914495,A10261,Ride,2020-10-22 17:58:49.704000-05:00,2020-10-22 18:14:04.199000-05:00,15.241583333333335,0.0,Racine Ave & Wrightwood Ave,Halsted St & Dickens Ave
223,1464350664334834862,1603249707485,1603250077839,1.2,"{'amount': 98, 'exponent': 2, '__typename': 'Money'}",370354,330-577,Ride,2020-10-20 22:08:27.485000-05:00,2020-10-20 22:14:37.839000-05:00,6.1725666666666665,0.98,Lincoln Ave & Diversey Pkwy,Broadway & Belmont Ave
224,1463940017425478102,1603154102446,1603154628673,1.09,"{'amount': 0, 'exponent': 2, '__typename': 'Money'}",526227,T01600,Ride,2020-10-19 19:35:02.446000-05:00,2020-10-19 19:43:48.673000-05:00,8.77045,0.0,Lincoln Ave & Diversey Pkwy,Broadway & Belmont Ave
225,1462843489301232836,1602898799581,1602899148814,0.72,"{'amount': 0, 'exponent': 2, '__typename': 'Money'}",349233,P00226,Ride,2020-10-16 20:39:59.581000-05:00,2020-10-16 20:45:48.814000-05:00,5.82055,0.0,Clark St & Wellington Ave,Southport Ave & Belmont Ave
226,1462814122895945920,1602891953341,1602892235011,0.82,"{'amount': 65, 'exponent': 2, '__typename': 'Money'}",281670,412-180,Ride,2020-10-16 18:45:53.341000-05:00,2020-10-16 18:50:35.011000-05:00,4.694500000000001,0.65,Lincoln Ave & Diversey Pkwy,Clark St & Wellington Ave
227,1461909608398453840,1602681360402,1602681634079,0.57,"{'amount': 0, 'exponent': 2, '__typename': 'Money'}",273677,P07685,Ride,2020-10-14 08:16:00.402000-05:00,2020-10-14 08:20:34.079000-05:00,4.561283333333334,0.0,Sheffield Ave & Wellington Ave,Lincoln Ave & Diversey Pkwy
228,1461699831712060154,1602632517051,1602632970892,0.94,"{'amount': 0, 'exponent': 2, '__typename': 'Money'}",453841,D02612,Ride,2020-10-13 18:41:57.051000-05:00,2020-10-13 18:49:30.892000-05:00,7.564016666666667,0.0,Lincoln Ave & Diversey Pkwy,Broadway & Belmont Ave
229,1460525089359068370,1602359000299,1602360068762,2.21,"{'amount': 0, 'exponent': 2, '__typename': 'Money'}",1068463,C00645,Ride,2020-10-10 14:43:20.299000-05:00,2020-10-10 15:01:08.762000-05:00,17.807716666666668,0.0,Ashland Ave & Division St,Lincoln Ave & Diversey Pkwy
231,1460466777104149794,1602345424093,1602346535571,2.3,"{'amount': 0, 'exponent': 2, '__typename': 'Money'}",1111478,D02585,Ride,2020-10-10 10:57:04.093000-05:00,2020-10-10 11:15:35.571000-05:00,18.524633333333334,0.0,Greenview Ave & Diversey Pkwy,Ashland Ave & Division St
232,1460453638564742002,1602342367032,1602342751465,0.8,"{'amount': 0, 'exponent': 2, '__typename': 'Money'}",384433,P00107,Ride,2020-10-10 10:06:07.032000-05:00,2020-10-10 10:12:31.465000-05:00,6.407216666666667,0.0,Clark St & Wellington Ave,Lincoln Ave & Diversey Pkwy
233,1460219758566561126,1602287914463,1602288373092,0.95,"{'amount': 0, 'exponent': 2, '__typename': 'Money'}",458629,A07203,Ride,2020-10-09 18:58:34.463000-05:00,2020-10-09 19:06:13.092000-05:00,7.643816666666667,0.0,Lincoln Ave & Diversey Pkwy,Broadway & Belmont Ave
234,1459293079121679236,1602072150830,1602072684222,1.1,"{'amount': 0, 'exponent': 2, '__typename': 'Money'}",533392,P08838,Ride,2020-10-07 07:02:30.830000-05:00,2020-10-07 07:11:24.222000-05:00,8.889866666666666,0.0,Broadway & Belmont Ave,Lincoln Ave & Diversey Pkwy
235,1459130391054774244,1602034268158,1602034630755,1.2,"{'amount': 98, 'exponent': 2, '__typename': 'Money'}",362597,591-295,Ride,2020-10-06 20:31:08.158000-05:00,2020-10-06 20:37:10.755000-05:00,6.043283333333334,0.98,Lincoln Ave & Diversey Pkwy,Broadway & Belmont Ave
236,1458963337209745288,1601995377052,1601995381044,0.01,"{'amount': 0, 'exponent': 2, '__typename': 'Money'}",3992,C00866,Ride,2020-10-06 09:42:57.052000-05:00,2020-10-06 09:43:01.044000-05:00,0.06653333333333333,0.0,Lincoln Ave & Diversey Pkwy,Lincoln Ave & Diversey Pkwy
237,1458370777756948298,1601857411884,1601857957200,1.13,"{'amount': 0, 'exponent': 2, '__typename': 'Money'}",545316,A10239,Ride,2020-10-04 19:23:31.884000-05:00,2020-10-04 19:32:37.200000-05:00,9.0886,0.0,Lincoln Ave & Diversey Pkwy,Broadway & Belmont Ave
238,1457281546151487848,1601603808293,1601604437984,1.3,"{'amount': 0, 'exponent': 2, '__typename': 'Money'}",629691,X00431,Ride,2020-10-01 20:56:48.293000-05:00,2020-10-01 21:07:17.984000-05:00,10.494850000000001,0.0,Lincoln Ave & Diversey Pkwy,Broadway & Belmont Ave
239,1456693142032447186,1601466809356,1601467404441,1.23,"{'amount': 0, 'exponent': 2, '__typename': 'Money'}",595085,D00334,Ride,2020-09-30 06:53:29.356000-05:00,2020-09-30 07:03:24.441000-05:00,9.918083333333334,0.0,Broadway & Belmont Ave,Lincoln Ave & Diversey Pkwy
241,1456520421530788240,1601426598347,1601427067543,0.97,"{'amount': 0, 'exponent': 2, '__typename': 'Money'}",469196,P00045,Ride,2020-09-29 19:43:18.347000-05:00,2020-09-29 19:51:07.543000-05:00,7.819933333333334,0.0,Lincoln Ave & Diversey Pkwy,Wilton Ave & Belmont Ave
242,1447616099848318832,1599353394976,1599353975183,1.2,"{'amount': 0, 'exponent': 2, '__typename': 'Money'}",580207,A10357,Ride,2020-09-05 19:49:54.976000-05:00,2020-09-05 19:59:35.183000-05:00,9.670116666666667,0.0,Clark St & North Ave,Sheffield Ave & Wrightwood Ave
243,1446898479373992884,1599186315097,1599186705037,0.81,"{'amount': 0, 'exponent': 2, '__typename': 'Money'}",389940,75613,Ride,2020-09-03 21:25:15.097000-05:00,2020-09-03 21:31:45.037000-05:00,6.4990000000000006,0.0,Lincoln Ave & Diversey Pkwy,Bissell St & Armitage Ave
244,1445639918367837576,1598893281192,1598893632122,0.73,"{'amount': 0, 'exponent': 2, '__typename': 'Money'}",350930,P00227,Ride,2020-08-31 12:01:21.192000-05:00,2020-08-31 12:07:12.122000-05:00,5.848833333333333,0.0,Sheffield Ave & Webster Ave,Lincoln Ave & Diversey Pkwy
245,1445637442080764332,1598892705875,1598893110088,0.84,"{'amount': 0, 'exponent': 2, '__typename': 'Money'}",404213,P01233,Ride,2020-08-31 11:51:45.875000-05:00,2020-08-31 11:58:30.088000-05:00,6.736883333333334,0.0,Lincoln Ave & Diversey Pkwy,Sheffield Ave & Webster Ave
246,1445392125506147498,1598835585464,1598836057387,0.98,"{'amount': 0, 'exponent': 2, '__typename': 'Money'}",471923,X00082,Ride,2020-08-30 19:59:45.464000-05:00,2020-08-30 20:07:37.387000-05:00,7.865383333333334,0.0,Lincoln Ave & Diversey Pkwy,Broadway & Belmont Ave
247,1445011974585563884,1598747080353,1598747587371,1.05,"{'amount': 0, 'exponent': 2, '__typename': 'Money'}",507018,P08991,Ride,2020-08-29 19:24:40.353000-05:00,2020-08-29 19:33:07.371000-05:00,8.4503,0.0,Larrabee St & Webster Ave,Lincoln Ave & Diversey Pkwy
248,1444982688512000912,1598740255154,1598740624087,0.76,"{'amount': 0, 'exponent': 2, '__typename': 'Money'}",368933,P08981,Ride,2020-08-29 17:30:55.154000-05:00,2020-08-29 17:37:04.087000-05:00,6.148883333333334,0.0,Wilton Ave & Belmont Ave,Lincoln Ave & Diversey Pkwy
249,1443531318918922196,1598402332757,1598402813330,1.0,"{'amount': 0, 'exponent': 2, '__typename': 'Money'}",480573,P00303,Ride,2020-08-25 19:38:52.757000-05:00,2020-08-25 19:46:53.330000-05:00,8.00955,0.0,Lincoln Ave & Diversey Pkwy,Lake Shore Dr & Diversey Pkwy
251,1442978244642761280,1598273569720,1598274225097,1.36,"{'amount': 0, 'exponent': 2, '__typename': 'Money'}",655377,C00855,Ride,2020-08-24 07:52:49.720000-05:00,2020-08-24 08:03:45.097000-05:00,10.92295,0.0,Broadway & Belmont Ave,Lincoln Ave & Diversey Pkwy
252,1440787828607577144,1597763565430,1597763812192,0.51,"{'amount': 0, 'exponent': 2, '__typename': 'Money'}",246762,C00936,Ride,2020-08-18 10:12:45.430000-05:00,2020-08-18 10:16:52.192000-05:00,4.1127,0.0,Sheffield Ave & Webster Ave,Sheffield Ave & Fullerton Ave
253,1440120158663398438,1597608114843,1597612988172,10.09,"{'amount': 540, 'exponent': 2, '__typename': 'Money'}",4873329,D02726,Ride,2020-08-16 15:01:54.843000-05:00,2020-08-16 16:23:08.172000-05:00,81.22215,5.4,Chicago Ave & Dempster St,Broadway & Belmont Ave
254,1440093234613806720,1597601845524,1597602737642,1.85,"{'amount': 0, 'exponent': 2, '__typename': 'Money'}",892118,P07704,Ride,2020-08-16 13:17:25.524000-05:00,2020-08-16 13:32:17.642000-05:00,14.868633333333333,0.0,Sheridan Rd & Noyes St (NU),Benson Ave & Church St
255,1440063199868096752,1597594846902,1597599852809,10.37,"{'amount': 121, 'exponent': 2, '__typename': 'Money'}",5005907,P07704,Ride,2020-08-16 11:20:46.902000-05:00,2020-08-16 12:44:12.809000-05:00,83.43178333333334,1.21,Broadway & Belmont Ave,Sheridan Rd & Noyes St (NU)
256,1439450568794449570,1597452210717,1597452949279,1.53,"{'amount': 0, 'exponent': 2, '__typename': 'Money'}",738562,D00828,Ride,2020-08-14 19:43:30.717000-05:00,2020-08-14 19:55:49.279000-05:00,12.309366666666667,0.0,Lincoln Ave & Diversey Pkwy,Sheffield Ave & Willow St
257,1437584851519278884,1597017812032,1597018941564,2.34,"{'amount': 0, 'exponent': 2, '__typename': 'Money'}",1129532,A10394,Ride,2020-08-09 19:03:32.032000-05:00,2020-08-09 19:22:21.564000-05:00,18.825533333333333,0.0,Lincoln Ave & Diversey Pkwy,Broadway & Cornelia Ave
258,1437552665976971012,1597010321319,1597010618445,0.62,"{'amount': 0, 'exponent': 2, '__typename': 'Money'}",297126,A10814,Ride,2020-08-09 16:58:41.319000-05:00,2020-08-09 17:03:38.445000-05:00,4.952100000000001,0.0,Sheffield Ave & Wellington Ave,Lincoln Ave & Diversey Pkwy
259,1436484903092500756,1596761712728,1596762223445,1.06,"{'amount': 0, 'exponent': 2, '__typename': 'Money'}",510717,T01852,Ride,2020-08-06 19:55:12.728000-05:00,2020-08-06 20:03:43.445000-05:00,8.51195,0.0,Bissell St & Armitage Ave,Lincoln Ave & Diversey Pkwy
261,1436469605409904558,1596758148605,1596758595679,0.93,"{'amount': 0, 'exponent': 2, '__typename': 'Money'}",447074,X00094,Ride,2020-08-06 18:55:48.605000-05:00,2020-08-06 19:03:15.679000-05:00,7.451233333333334,0.0,Lincoln Ave & Diversey Pkwy,Bissell St & Armitage Ave
262,1436116235241900748,1596675877659,1596676406913,1.1,"{'amount': 0, 'exponent': 2, '__typename': 'Money'}",529254,P02668,Ride,2020-08-05 20:04:37.659000-05:00,2020-08-05 20:13:26.913000-05:00,8.8209,0.0,Lincoln Ave & Diversey Pkwy,Broadway & Belmont Ave
263,1434865243445345834,1596384606168,1596384997068,0.81,"{'amount': 0, 'exponent': 2, '__typename': 'Money'}",390900,P01276,Ride,2020-08-02 11:10:06.168000-05:00,2020-08-02 11:16:37.068000-05:00,6.515000000000001,0.0,Clark St & Wellington Ave,Lincoln Ave & Diversey Pkwy
264,1434081327699232176,1596202084368,1596202690498,1.26,"{'amount': 0, 'exponent': 2, '__typename': 'Money'}",606130,P08911,Ride,2020-07-31 08:28:04.368000-05:00,2020-07-31 08:38:10.498000-05:00,10.102166666666667,0.0,Broadway & Cornelia Ave,Lincoln Ave & Diversey Pkwy
265,1433711451046878834,1596115969302,1596116832712,1.79,"{'amount': 0, 'exponent': 2, '__typename': 'Money'}",863410,A10198,Ride,2020-07-30 08:32:49.302000-05:00,2020-07-30 08:47:12.712000-05:00,14.390166666666667,0.0,Broadway & Cornelia Ave,Greenview Ave & Diversey Pkwy
266,1432798984072019930,1595903516439,1595904154038,1.32,"{'amount': 0, 'exponent': 2, '__typename': 'Money'}",637599,P00645,Ride,2020-07-27 21:31:56.439000-05:00,2020-07-27 21:42:34.038000-05:00,10.62665,0.0,Broadway & Cornelia Ave,Lincoln Ave & Diversey Pkwy
267,1432608643600897132,1595859198303,1595859628779,0.89,"{'amount': 0, 'exponent': 2, '__typename': 'Money'}",430476,P07604,Ride,2020-07-27 09:13:18.303000-05:00,2020-07-27 09:20:28.779000-05:00,7.174600000000001,0.0,Racine Ave & Belmont Ave,Broadway & Cornelia Ave
268,1432587795409428190,1595854348163,1595855130749,1.62,"{'amount': 0, 'exponent': 2, '__typename': 'Money'}",782586,D00356,Ride,2020-07-27 07:52:28.163000-05:00,2020-07-27 08:05:30.749000-05:00,13.0431,0.0,Broadway & Cornelia Ave,Lincoln Ave & Diversey Pkwy
269,1432355985153451402,1595800377042,1595801144366,1.59,"{'amount': 0, 'exponent': 2, '__typename': 'Money'}",767324,A10259,Ride,2020-07-26 16:52:57.042000-05:00,2020-07-26 17:05:44.366000-05:00,12.788733333333333,0.0,Lincoln Ave & Diversey Pkwy,Broadway & Cornelia Ave
271,1432053248886024046,1595729898926,1595730585089,1.42,"{'amount': 0, 'exponent': 2, '__typename': 'Money'}",686163,P08797,Ride,2020-07-25 21:18:18.926000-05:00,2020-07-25 21:29:45.089000-05:00,11.43605,0.0,Broadway & Cornelia Ave,Southport Ave & Belmont Ave
272,1431971858226795948,1595710938674,1595711535183,1.24,"{'amount': 0, 'exponent': 2, '__typename': 'Money'}",596509,X00285,Ride,2020-07-25 16:02:18.674000-05:00,2020-07-25 16:12:15.183000-05:00,9.941816666666668,0.0,Burling St (Halsted) & Diversey Pkwy (Temp),Broadway & Cornelia Ave
273,1431467414061470418,1595593486460,1595594084610,1.24,"{'amount': 0, 'exponent': 2, '__typename': 'Money'}",598150,P00652,Ride,2020-07-24 07:24:46.460000-05:00,2020-07-24 07:34:44.610000-05:00,9.969166666666666,0.0,Broadway & Cornelia Ave,Lincoln Ave & Diversey Pkwy
274,1431304762901397098,1595555618654,1595556259147,1.33,"{'amount': 0, 'exponent': 2, '__typename': 'Money'}",640493,D00792,Ride,2020-07-23 20:53:38.654000-05:00,2020-07-23 21:04:19.147000-05:00,10.674883333333334,0.0,Lincoln Ave & Diversey Pkwy,Broadway & Cornelia Ave
275,1431118221233932560,1595512184645,1595512894546,1.47,"{'amount': 0, 'exponent': 2, '__typename': 'Money'}",709901,X00503,Ride,2020-07-23 08:49:44.645000-05:00,2020-07-23 09:01:34.546000-05:00,11.831683333333334,0.0,Broadway & Cornelia Ave,Lincoln Ave & Diversey Pkwy
276,1430956677714893358,1595474581390,1595475487823,1.88,"{'amount': 0, 'exponent': 2, '__typename': 'Money'}",906433,D00451,Ride,2020-07-22 22:23:01.390000-05:00,2020-07-22 22:38:07.823000-05:00,15.107216666666668,0.0,Bissell St & Armitage Ave,Broadway & Cornelia Ave
277,1430906632056630086,1595462930174,1595463966733,2.15,"{'amount': 0, 'exponent': 2, '__typename': 'Money'}",1036559,X00308,Ride,2020-07-22 19:08:50.174000-05:00,2020-07-22 19:26:06.733000-05:00,17.275983333333333,0.0,Broadway & Cornelia Ave,Bissell St & Armitage Ave
278,1430880320299012402,1595456792696,1595457341264,1.14,"{'amount': 0, 'exponent': 2, '__typename': 'Money'}",548568,X00087,Ride,2020-07-22 17:26:32.696000-05:00,2020-07-22 17:35:41.264000-05:00,9.142800000000001,0.0,Wilton Ave & Diversey Pkwy,Broadway & Cornelia Ave
279,1428508347981011574,1594904526839,1594905233659,1.46,"{'amount': 0, 'exponent': 2, '__typename': 'Money'}",706820,P00707,Ride,2020-07-16 08:02:06.839000-05:00,2020-07-16 08:13:53.659000-05:00,11.780333333333333,0.0,Broadway & Cornelia Ave,Lincoln Ave & Diversey Pkwy
281,1426806798179833322,1594508351829,1594509145629,1.64,"{'amount': 0, 'exponent': 2, '__typename': 'Money'}",793800,T01487,Ride,2020-07-11 17:59:11.829000-05:00,2020-07-11 18:12:25.629000-05:00,13.23,0.0,Lincoln Ave & Diversey Pkwy,Broadway & Cornelia Ave
282,1426443828235268318,1594423841217,1594424645215,1.67,"{'amount': 0, 'exponent': 2, '__typename': 'Money'}",803998,D02423,Ride,2020-07-10 18:30:41.217000-05:00,2020-07-10 18:44:05.215000-05:00,13.399966666666668,0.0,Broadway & Cornelia Ave,Lincoln Ave & Diversey Pkwy
283,1425715420828738304,1594254247570,1594254716094,0.97,"{'amount': 0, 'exponent': 2, '__typename': 'Money'}",468524,T01815,Ride,2020-07-08 19:24:07.570000-05:00,2020-07-08 19:31:56.094000-05:00,7.8087333333333335,0.0,Sheffield Ave & Wellington Ave,Broadway & Barry Ave
284,1425553941149138352,1594216647198,1594217294086,1.34,"{'amount': 0, 'exponent': 2, '__typename': 'Money'}",646888,P02415,Ride,2020-07-08 08:57:27.198000-05:00,2020-07-08 09:08:14.086000-05:00,10.781466666666667,0.0,Lincoln Ave & Diversey Pkwy,Broadway & Cornelia Ave
285,1425538815094192720,1594213126477,1594213883083,1.57,"{'amount': 0, 'exponent': 2, '__typename': 'Money'}",756606,T01564,Ride,2020-07-08 07:58:46.477000-05:00,2020-07-08 08:11:23.083000-05:00,12.610100000000001,0.0,Broadway & Cornelia Ave,Lincoln Ave & Diversey Pkwy
286,1419773762440272622,1592870848142,1592871516763,1.38,"{'amount': 0, 'exponent': 2, '__typename': 'Money'}",668621,A10399,Ride,2020-06-22 19:07:28.142000-05:00,2020-06-22 19:18:36.763000-05:00,11.143683333333334,0.0,Lincoln Ave & Diversey Pkwy,Broadway & Cornelia Ave
287,1419330011030396946,1592767541412,1592768345180,1.66,"{'amount': 0, 'exponent': 2, '__typename': 'Money'}",803768,A10789,Ride,2020-06-21 14:25:41.412000-05:00,2020-06-21 14:39:05.180000-05:00,13.396133333333333,0.0,Broadway & Cornelia Ave,Lincoln Ave & Diversey Pkwy
288,1417160311508868982,1592262354873,1592263305568,1.97,"{'amount': 0, 'exponent': 2, '__typename': 'Money'}",950695,T01729,Ride,2020-06-15 18:05:54.873000-05:00,2020-06-15 18:21:45.568000-05:00,15.844916666666668,0.0,Broadway & Cornelia Ave,Greenview Ave & Diversey Pkwy
289,1413476216224531990,1591404599260,1591405658409,2.19,"{'amount': 0, 'exponent': 2, '__typename': 'Money'}",1059149,D02492,Ride,2020-06-05 19:49:59.260000-05:00,2020-06-05 20:07:38.409000-05:00,17.652483333333333,0.0,Bissell St & Armitage Ave,Broadway & Cornelia Ave
291,1584652795314,1584541644158,1584542795637,2.38,"{'amount': 0, 'exponent': 2, '__typename': 'Money'}",1151479,P08940,Ride,2020-03-18 09:27:24.158000-05:00,2020-03-18 09:46:35.637000-05:00,19.19131666666667,0.0,Greenview Ave & Diversey Pkwy,Clark St & Newport St
292,1583255659251,1583698160191,1583698972543,1.68,"{'amount': 0, 'exponent': 2, '__typename': 'Money'}",812352,D02575,Ride,2020-03-08 15:09:20.191000-05:00,2020-03-08 15:22:52.543000-05:00,13.539200000000001,0.0,Greenview Ave & Diversey Pkwy,Broadway & Cornelia Ave
293,1574722249427,1575152167455,1575152434551,0.55,"{'amount': 0, 'exponent': 2, '__typename': 'Money'}",267096,D02325,Ride,2019-11-30 16:16:07.455000-06:00,2019-11-30 16:20:34.551000-06:00,4.4516,0.0,Lincoln Ave & Fullerton Ave,Lincoln Ave & Diversey Pkwy
294,1573221199624,1573332346820,1573332795303,0.93,"{'amount': 0, 'exponent': 2, '__typename': 'Money'}",448483,P02562,Ride,2019-11-09 14:45:46.820000-06:00,2019-11-09 14:53:15.303000-06:00,7.474716666666667,0.0,Ashland Ave & Grace St,Lincoln Ave & Belmont Ave
295,1572882255069,1572724966417,1572725204744,0.49,"{'amount': 0, 'exponent': 2, '__typename': 'Money'}",238327,C00673,Ride,2019-11-02 15:02:46.417000-05:00,2019-11-02 15:06:44.744000-05:00,3.972116666666667,0.0,Racine Ave & Belmont Ave,Lincoln Ave & Diversey Pkwy
296,1572309061685,1572197914873,1572198196509,0.58,"{'amount': 0, 'exponent': 2, '__typename': 'Money'}",281636,D02640,Ride,2019-10-27 12:38:34.873000-05:00,2019-10-27 12:43:16.509000-05:00,4.693933333333334,0.0,Wilton Ave & Diversey Pkwy,Wilton Ave & Belmont Ave
297,1570756024759,1570397409659,1570397602966,0.4,"{'amount': 0, 'exponent': 2, '__typename': 'Money'}",193307,D02963,Ride,2019-10-06 16:30:09.659000-05:00,2019-10-06 16:33:22.966000-05:00,3.2217833333333337,0.0,Greenview Ave & Diversey Pkwy,Greenview Ave & Fullerton Ave
298,1570762461323,1570382878791,1570383100425,0.46,"{'amount': 0, 'exponent': 2, '__typename': 'Money'}",221634,P02542,Ride,2019-10-06 12:27:58.791000-05:00,2019-10-06 12:31:40.425000-05:00,3.6939,0.0,Racine Ave & Belmont Ave,Lincoln Ave & Diversey Pkwy
299,1569659646917,1569502362377,1569503040721,1.4,"{'amount': 0, 'exponent': 2, '__typename': 'Money'}",678344,X00938,Ride,2019-09-26 07:52:42.377000-05:00,2019-09-26 08:04:00.721000-05:00,11.305733333333334,0.0,Broadway & Cornelia Ave,Lincoln Ave & Diversey Pkwy
300,1569798111480,1569372391476,1569372630265,0.49,"{'amount': 0, 'exponent': 2, '__typename': 'Money'}",238789,P00115,Ride,2019-09-24 19:46:31.476000-05:00,2019-09-24 19:50:30.265000-05:00,3.979816666666667,0.0,Lincoln Ave & Diversey Pkwy,Sheffield Ave & Wellington Ave
301,1568458048840,1568565005700,1568565812517,1.67,"{'amount': 0, 'exponent': 2, '__typename': 'Money'}",806817,P00554,Ride,2019-09-15 11:30:05.700000-05:00,2019-09-15 11:43:32.517000-05:00,13.446950000000001,0.0,Broadway & Cornelia Ave,Lincoln Ave & Diversey Pkwy
302,1568388984746,1568500131686,1568500821310,1.43,"{'amount': 0, 'exponent': 2, '__typename': 'Money'}",689624,C00720,Ride,2019-09-14 17:28:51.686000-05:00,2019-09-14 17:40:21.310000-05:00,11.493733333333333,0.0,Clark St & Newport St,Greenview Ave & Diversey Pkwy
303,1568396880790,1568487056218,1568487630609,1.19,"{'amount': 0, 'exponent': 2, '__typename': 'Money'}",574391,X00270,Ride,2019-09-14 13:50:56.218000-05:00,2019-09-14 14:00:30.609000-05:00,9.573183333333334,0.0,Wilton Ave & Diversey Pkwy,Halsted St & Roscoe St
304,1568370228170,1568477180678,1568477837488,1.36,"{'amount': 0, 'exponent': 2, '__typename': 'Money'}",656810,X00817,Ride,2019-09-14 11:06:20.678000-05:00,2019-09-14 11:17:17.488000-05:00,10.946833333333334,0.0,Broadway & Cornelia Ave,Lincoln Ave & Diversey Pkwy
305,1568596892508,1568418632592,1568419087042,0.94,"{'amount': 0, 'exponent': 2, '__typename': 'Money'}",454450,A07258,Ride,2019-09-13 18:50:32.592000-05:00,2019-09-13 18:58:07.042000-05:00,7.574166666666667,0.0,Lincoln Ave & Diversey Pkwy,Clark St & Newport St
306,1567814098934,1567992354618,1567992870197,1.07,"{'amount': 0, 'exponent': 2, '__typename': 'Money'}",515579,A10859,Ride,2019-09-08 20:25:54.618000-05:00,2019-09-08 20:34:30.197000-05:00,8.592983333333335,0.0,Southport Ave & Roscoe St,Greenview Ave & Diversey Pkwy
307,1567799041301,1567977297369,1567977669182,0.77,"{'amount': 0, 'exponent': 2, '__typename': 'Money'}",371813,X00474,Ride,2019-09-08 16:14:57.369000-05:00,2019-09-08 16:21:09.182000-05:00,6.196883333333334,0.0,Greenview Ave & Diversey Pkwy,Southport Ave & Roscoe St
308,1568166057132,1567786474592,1567787222508,1.55,"{'amount': 0, 'exponent': 2, '__typename': 'Money'}",747916,X00192,Ride,2019-09-06 11:14:34.592000-05:00,2019-09-06 11:27:02.508000-05:00,12.465266666666666,0.0,Greenview Ave & Diversey Pkwy,Marshfield Ave & Cortland St
309,1568140115169,1567777305645,1567778013760,1.47,"{'amount': 0, 'exponent': 2, '__typename': 'Money'}",708115,P02388,Ride,2019-09-06 08:41:45.645000-05:00,2019-09-06 08:53:33.760000-05:00,11.801916666666667,0.0,Broadway & Cornelia Ave,Lincoln Ave & Diversey Pkwy
310,1568090010751,1567727205555,1567727602689,0.82,"{'amount': 0, 'exponent': 2, '__typename': 'Money'}",397134,D02973,Ride,2019-09-05 18:46:45.555000-05:00,2019-09-05 18:53:22.689000-05:00,6.6189,0.0,Lincoln Ave & Diversey Pkwy,Southport Ave & Roscoe St
311,1567468644418,1567374270606,1567374511516,0.5,"{'amount': 0, 'exponent': 2, '__typename': 'Money'}",240910,P02404,Ride,2019-09-01 16:44:30.606000-05:00,2019-09-01 16:48:31.516000-05:00,4.0151666666666666,0.0,Lincoln Ave & Diversey Pkwy,Burling St (Halsted) & Diversey Pkwy (Temp)
312,1566885977064,1566774825764,1566775507855,1.41,"{'amount': 0, 'exponent': 2, '__typename': 'Money'}",682091,P02385,Ride,2019-08-25 18:13:45.764000-05:00,2019-08-25 18:25:07.855000-05:00,11.368183333333334,0.0,Lincoln Ave & Diversey Pkwy,Broadway & Cornelia Ave
313,1564519416942,1564949335202,1564950231063,1.86,"{'amount': 0, 'exponent': 2, '__typename': 'Money'}",895861,P00760,Ride,2019-08-04 15:08:55.202000-05:00,2019-08-04 15:23:51.063000-05:00,14.931016666666668,0.0,Sheridan Rd & Irving Park Rd,Lincoln Ave & Diversey Pkwy
314,1564517595497,1564947509669,1564948377903,1.8,"{'amount': 0, 'exponent': 2, '__typename': 'Money'}",868234,D02819,Ride,2019-08-04 14:38:29.669000-05:00,2019-08-04 14:52:57.903000-05:00,14.470566666666667,0.0,Lincoln Ave & Diversey Pkwy,Sheridan Rd & Irving Park Rd
315,1564565587648,1564940979724,1564941607437,1.3,"{'amount': 0, 'exponent': 2, '__typename': 'Money'}",627713,P08859,Ride,2019-08-04 12:49:39.724000-05:00,2019-08-04 13:00:07.437000-05:00,10.461883333333335,0.0,Broadway & Belmont Ave,Lincoln Ave & Diversey Pkwy
316,1564115828156,1564277306736,1564277873789,1.17,"{'amount': 0, 'exponent': 2, '__typename': 'Money'}",567053,X00503,Ride,2019-07-27 20:28:26.736000-05:00,2019-07-27 20:37:53.789000-05:00,9.450883333333334,0.0,Burling St (Halsted) & Diversey Pkwy (Temp),Broadway & Cornelia Ave
317,1564162950991,1564269907843,1564270587708,1.41,"{'amount': 0, 'exponent': 2, '__typename': 'Money'}",679865,A10187,Ride,2019-07-27 18:25:07.843000-05:00,2019-07-27 18:36:27.708000-05:00,11.331083333333334,0.0,Theater on the Lake,Halsted St & Wrightwood Ave
318,1564146180950,1564253137818,1564253638215,1.04,"{'amount': 0, 'exponent': 2, '__typename': 'Money'}",500397,D02524,Ride,2019-07-27 13:45:37.818000-05:00,2019-07-27 13:53:58.215000-05:00,8.33995,0.0,Burling St (Halsted) & Diversey Pkwy (Temp),Broadway & Cornelia Ave
319,1564144019143,1564250975755,1564251506528,1.1,"{'amount': 0, 'exponent': 2, '__typename': 'Money'}",530773,D02818,Ride,2019-07-27 13:09:35.755000-05:00,2019-07-27 13:18:26.528000-05:00,8.846216666666667,0.0,Clark St & Newport St,Halsted St & Wrightwood Ave
320,1563589008207,1563763069827,1563763700169,1.31,"{'amount': 0, 'exponent': 2, '__typename': 'Money'}",630342,P02591,Ride,2019-07-21 21:37:49.827000-05:00,2019-07-21 21:48:20.169000-05:00,10.505700000000001,0.0,Broadway & Cornelia Ave,Halsted St & Wrightwood Ave
321,1563570890756,1563749146824,1563749719121,1.19,"{'amount': 0, 'exponent': 2, '__typename': 'Money'}",572297,P02632,Ride,2019-07-21 17:45:46.824000-05:00,2019-07-21 17:55:19.121000-05:00,9.538283333333334,0.0,Burling St (Halsted) & Diversey Pkwy (Temp),Broadway & Cornelia Ave
322,1563257513555,1562894708383,1562895036720,0.68,"{'amount': 0, 'exponent': 2, '__typename': 'Money'}",328337,C00750,Ride,2019-07-11 20:25:08.383000-05:00,2019-07-11 20:30:36.720000-05:00,5.472283333333333,0.0,Wilton Ave & Diversey Pkwy,Wilton Ave & Belmont Ave
323,1562346584133,1562726166665,1562726677473,1.06,"{'amount': 0, 'exponent': 2, '__typename': 'Money'}",510808,T01860,Ride,2019-07-09 21:36:06.665000-05:00,2019-07-09 21:44:37.473000-05:00,8.513466666666668,0.0,Wilton Ave & Belmont Ave,Halsted St & Wrightwood Ave
324,1562357434954,1562720240262,1562720470532,0.48,"{'amount': 0, 'exponent': 2, '__typename': 'Money'}",230270,D00075,Ride,2019-07-09 19:57:20.262000-05:00,2019-07-09 20:01:10.532000-05:00,3.8378333333333337,0.0,Wilton Ave & Diversey Pkwy,
325,1562537233181,1562644186065,1562644757396,1.18,"{'amount': 0, 'exponent': 2, '__typename': 'Money'}",571331,D00449,Ride,2019-07-08 22:49:46.065000-05:00,2019-07-08 22:59:17.396000-05:00,9.522183333333334,0.0,Broadway & Cornelia Ave,Halsted St & Wrightwood Ave
326,1562545180768,1562635360428,1562635999803,1.32,"{'amount': 0, 'exponent': 2, '__typename': 'Money'}",639375,P02630,Ride,2019-07-08 20:22:40.428000-05:00,2019-07-08 20:33:19.803000-05:00,10.65625,0.0,Burling St (Halsted) & Diversey Pkwy (Temp),Broadway & Cornelia Ave
327,1559857873932,1559952248000,1559952493000,0.51,"{'amount': 0, 'exponent': 2, '__typename': 'Money'}",245000,P00471,Ride,2019-06-07 19:04:08-05:00,2019-06-07 19:08:13-05:00,4.083333333333334,0.0,Wilton Ave & Diversey Pkwy,Sheffield Ave & Wellington Ave
328,1559760548356,1559917837000,1559930624000,26.48,"{'amount': 0, 'exponent': 2, '__typename': 'Money'}",12787000,A10742,Ride,2019-06-07 09:30:37-05:00,2019-06-07 13:03:44-05:00,213.11666666666667,0.0,Buckingham Fountain,Halsted St & Wrightwood Ave
329,1559025101548,1558662292000,1558662860000,1.18,"{'amount': 0, 'exponent': 2, '__typename': 'Money'}",568000,A10170,Ride,2019-05-23 20:44:52-05:00,2019-05-23 20:54:20-05:00,9.466666666666667,0.0,Burling St (Halsted) & Diversey Pkwy (Temp),Broadway & Cornelia Ave
330,1557245151252,1557087863000,1557089311000,3.0,"{'amount': 0, 'exponent': 2, '__typename': 'Money'}",1448000,P02539,Ride,2019-05-05 15:24:23-05:00,2019-05-05 15:48:31-05:00,24.133333333333333,0.0,Lake Shore Dr & Belmont Ave,Clark St & Lincoln Ave
331,1557254578500,1557080517000,1557080913000,0.82,"{'amount': 0, 'exponent': 2, '__typename': 'Money'}",396000,A10862,Ride,2019-05-05 13:21:57-05:00,2019-05-05 13:28:33-05:00,6.6000000000000005,0.0,Burling St (Halsted) & Diversey Pkwy (Temp),Broadway & Barry Ave
332,1554815365820,1555190758000,1555191300000,1.12,"{'amount': 0, 'exponent': 2, '__typename': 'Money'}",542000,A10789,Ride,2019-04-13 16:25:58-05:00,2019-04-13 16:35:00-05:00,9.033333333333333,0.0,Halsted St & Wrightwood Ave,Clark St & Newport St
333,1555122033740,1555027664000,1555028157000,1.02,"{'amount': 0, 'exponent': 2, '__typename': 'Money'}",493000,X00444,Ride,2019-04-11 19:07:44-05:00,2019-04-11 19:15:57-05:00,8.216666666666667,0.0,Halsted St & Wrightwood Ave,Halsted St & Roscoe St
334,1554297233644,1554676820000,1554677403000,1.21,"{'amount': 0, 'exponent': 2, '__typename': 'Money'}",583000,P01211,Ride,2019-04-07 17:40:20-05:00,2019-04-07 17:50:03-05:00,9.716666666666667,0.0,Broadway & Cornelia Ave,Halsted St & Wrightwood Ave
335,1554298385820,1554673778000,1554674422000,1.33,"{'amount': 0, 'exponent': 2, '__typename': 'Money'}",644000,P00468,Ride,2019-04-07 16:49:38-05:00,2019-04-07 17:00:22-05:00,10.733333333333334,0.0,Burling St (Halsted) & Diversey Pkwy (Temp),Broadway & Cornelia Ave
336,1553351548588,1553441724000,1553442466000,1.54,"{'amount': 0, 'exponent': 2, '__typename': 'Money'}",742000,D00116,Ride,2019-03-24 10:35:24-05:00,2019-03-24 10:47:46-05:00,12.366666666666667,0.0,Burling St (Halsted) & Diversey Pkwy (Temp),Wilton Ave & Belmont Ave
337,1546434963700,1546525139000,1546525697000,1.16,"{'amount': 0, 'exponent': 2, '__typename': 'Money'}",558000,T01827,Ride,2019-01-03 08:18:59-06:00,2019-01-03 08:28:17-06:00,9.3,0.0,Broadway & Cornelia Ave,Burling St (Halsted) & Diversey Pkwy (Temp)
338,1543683021316,1543773197000,1543773804000,1.26,"{'amount': 0, 'exponent': 2, '__typename': 'Money'}",607000,A10923,Ride,2018-12-02 11:53:17-06:00,2018-12-02 12:03:24-06:00,10.116666666666667,0.0,Broadway & Cornelia Ave,Halsted St & Wrightwood Ave
339,1542415636060,1541985722000,1541986328000,1.26,"{'amount': 0, 'exponent': 2, '__typename': 'Money'}",606000,P01263,Ride,2018-11-11 19:22:02-06:00,2018-11-11 19:32:08-06:00,10.1,0.0,Halsted St & Wrightwood Ave,Broadway & Cornelia Ave
340,1540303121052,1540745618000,1540746676000,2.19,"{'amount': 0, 'exponent': 2, '__typename': 'Money'}",1058000,A07239,Ride,2018-10-28 11:53:38-05:00,2018-10-28 12:11:16-05:00,17.633333333333333,0.0,Broadway & Cornelia Ave,Lincoln Ave & Diversey Pkwy
341,1540436702284,1540610768000,1540611320000,1.14,"{'amount': 0, 'exponent': 2, '__typename': 'Money'}",552000,C00605,Ride,2018-10-26 22:26:08-05:00,2018-10-26 22:35:20-05:00,9.200000000000001,0.0,Halsted St & Wrightwood Ave,Broadway & Cornelia Ave
342,1539965547220,1540143807000,1540144378000,1.18,"{'amount': 0, 'exponent': 2, '__typename': 'Money'}",571000,T01511,Ride,2018-10-21 12:43:27-05:00,2018-10-21 12:52:58-05:00,9.516666666666667,0.0,Broadway & Cornelia Ave,Halsted St & Wrightwood Ave
343,1540065254652,1539907966000,1539908503000,1.11,"{'amount': 0, 'exponent': 2, '__typename': 'Money'}",537000,A10987,Ride,2018-10-18 19:12:46-05:00,2018-10-18 19:21:43-05:00,8.950000000000001,0.0,Burling St (Halsted) & Diversey Pkwy (Temp),Broadway & Cornelia Ave
344,1539448786052,1539559933000,1539560463000,1.1,"{'amount': 0, 'exponent': 2, '__typename': 'Money'}",530000,T01586,Ride,2018-10-14 18:32:13-05:00,2018-10-14 18:41:03-05:00,8.833333333333334,0.0,Halsted St & Wrightwood Ave,Broadway & Cornelia Ave
